,Dates,AUDNZD,EURCHF,AUDJPY,AUDSGD,EURAUD,EURJPY,EURNZD,EURSGD,GBPAUD,GBPCAD,GBPCHF,GBPNZD,NZDCAD,NZDJPY,SGDJPY,NZDUSD,AUDUSD,USDCHF,USDJPY,GBPUSD,EURUSD,USDCAD,USDSGD
0,10.01.2017,,,,,,,,,,,,,,,,,,,,,,,
1,11.01.2017,,,,,,,,,,,,,,,,,,,,,,,
2,12.01.2017,,,,,,,,,,,,,,,,,,,,,,,
3,13.01.2017,,,,,,,,,,,,,,,,,,,,,,,
4,14.01.2017,,,,,,,,,,,,,,,,,,,,,,,
5,16.01.2017,,,,,,,,,,,,,,,,,,,,,,,
6,17.01.2017,,,,,,,,,,,,,,,,,,,,,,,
7,18.01.2017,,,,,,,,,,,,,,,,,,,,,,,
8,19.01.2017,,,,,,,,,,,,,,,,,,,,,,,
9,20.01.2017,,,,,,,,,,,,,,,,,,,,,,,
10,21.01.2017,,,,,,,,,,,,,,,,,,,,,,,
11,23.01.2017,,,,,,,,,,,,,,,,,,,,,,,
12,24.01.2017,,,,,,,,,,,,,,,,,,,,,,,
13,25.01.2017,,,1.0,1.0,1.0,1.0,1.0,,1.0,,,1.0,,1.0,1.0,1.0,,,1.0,1.0,1.0,,1.0
14,26.01.2017,1.0,,,1.0,,1.0,1.0,1.0,,1.0,,,1.0,1.0,,1.0,,,,,1.0,1.0,1.0
15,27.01.2017,1.0,,,,1.0,,1.0,,1.0,,,1.0,1.0,,,1.0,,,,,1.0,,
16,28.01.2017,,,,,,,,,,,,,,,,,,,,,,,
17,30.01.2017,,1.0,,,,,1.0,,,1.0,,,,,1.0,1.0,1.0,1.0,,,1.0,1.0,
18,31.01.2017,,1.0,,,,,,,1.0,,1.0,1.0,1.0,,,1.0,,,,1.0,1.0,,
19,01.02.2017,,,,,1.0,,,,,,,,,1.0,1.0,,1.0,1.0,1.0,1.0,1.0,,1.0
20,02.02.2017,,,,,,1.0,1.0,1.0,1.0,1.0,1.0,1.0,1.0,,,1.0,,1.0,1.0,,1.0,1.0,1.0
21,03.02.2017,,1.0,1.0,1.0,,1.0,1.0,,,,1.0,1.0,,,,1.0,1.0,1.0,1.0,,,1.0,1.0
22,04.02.2017,,,,,,,,,,,,,,,,,,,,,,,
23,06.02.2017,,,,,,1.0,,,,,,,,1.0,,1.0,,1.0,,,1.0,1.0,1.0
24,07.02.2017,,,1.0,1.0,,,,,1.0,,1.0,1.0,,,,,1.0,,1.0,1.0,,,
25,08.02.2017,1.0,,1.0,,,,,1.0,1.0,1.0,,,1.0,1.0,,1.0,1.0,,1.0,1.0,,1.0,1.0
26,09.02.2017,,1.0,,,,1.0,,,,1.0,1.0,,,,1.0,,1.0,1.0,1.0,,1.0,,
27,10.02.2017,,,,,,1.0,1.0,,1.0,1.0,,1.0,,,,1.0,1.0,,,1.0,,1.0,1.0
28,11.02.2017,,,,,,,,,,,,,,,,,,,,,,,
29,13.02.2017,1.0,,,1.0,,,,,,1.0,,1.0,,,,,1.0,,,1.0,,1.0,
30,14.02.2017,1.0,,1.0,1.0,1.0,1.0,1.0,,,1.0,1.0,1.0,,1.0,,1.0,,1.0,1.0,,1.0,,
31,15.02.2017,,1.0,,,,,,1.0,,,1.0,,1.0,,,1.0,,,,,,1.0,1.0
32,16.02.2017,,,1.0,1.0,1.0,1.0,1.0,,,1.0,,,1.0,1.0,1.0,1.0,1.0,,,1.0,,,
33,17.02.2017,1.0,,1.0,,1.0,1.0,1.0,1.0,1.0,1.0,1.0,,,1.0,,,,1.0,1.0,,1.0,1.0,1.0
34,18.02.2017,,,,,,,,,,,,,,,,,,,,,,,
35,20.02.2017,,,,,,1.0,1.0,,,1.0,,,,1.0,,,1.0,,,1.0,,,
36,21.02.2017,,,,1.0,,,,,,,,,,1.0,,,1.0,,,1.0,,,
37,22.02.2017,,1.0,1.0,,,,,,,,,1.0,1.0,1.0,1.0,,1.0,,,1.0,,1.0,
38,23.02.2017,,1.0,1.0,,1.0,,,,1.0,,1.0,,,1.0,,,,1.0,,,,1.0,
39,24.02.2017,,,1.0,,,,1.0,,,1.0,1.0,,1.0,,1.0,1.0,1.0,,,1.0,,,
40,25.02.2017,,,,,,,,,,,,,,,,,,,,,,,
41,27.02.2017,,,1.0,1.0,1.0,1.0,,1.0,,1.0,,,1.0,1.0,1.0,1.0,1.0,1.0,,,1.0,1.0,
42,28.02.2017,1.0,1.0,1.0,,1.0,1.0,,1.0,,1.0,1.0,,,1.0,1.0,1.0,,1.0,1.0,,,,
43,01.03.2017,,1.0,1.0,1.0,1.0,,,1.0,,,,,,1.0,,,1.0,1.0,,1.0,,,1.0
44,02.03.2017,1.0,,1.0,1.0,1.0,,1.0,,1.0,,1.0,1.0,,,,,,,,,,,
45,03.03.2017,1.0,,,,,1.0,,1.0,1.0,1.0,1.0,,,,,,,1.0,1.0,,1.0,,
46,04.03.2017,,,,,,,,,,,,,,,,,,,,,,,
47,06.03.2017,,1.0,,,,,1.0,1.0,,1.0,,1.0,,,,,1.0,1.0,,1.0,1.0,1.0,1.0
48,07.03.2017,,,,1.0,,1.0,1.0,,,,,1.0,,1.0,,1.0,,,1.0,,,,1.0
49,08.03.2017,1.0,,1.0,1.0,1.0,,,1.0,,,,1.0,,,,1.0,1.0,,,,,,1.0
50,09.03.2017,,1.0,1.0,,,,,,1.0,1.0,,,,1.0,1.0,,,1.0,,,1.0,,
51,10.03.2017,,,,1.0,1.0,,,,,,,1.0,,,,1.0,,1.0,,1.0,,1.0,1.0
52,11.03.2017,,,,,,,,,,,,,,,,,,,,,,,
53,13.03.2017,,,,1.0,1.0,1.0,,,1.0,1.0,1.0,,,,,,,,1.0,,,,
54,14.03.2017,1.0,,1.0,1.0,1.0,1.0,1.0,,,,1.0,1.0,1.0,1.0,,1.0,,1.0,,,,1.0,
55,15.03.2017,,,1.0,1.0,,1.0,,,,1.0,1.0,1.0,,1.0,1.0,,1.0,,1.0,1.0,,1.0,1.0
56,16.03.2017,,1.0,1.0,1.0,1.0,1.0,,,1.0,1.0,1.0,,,,,,1.0,,,1.0,,,1.0
57,17.03.2017,1.0,,1.0,1.0,1.0,1.0,,1.0,1.0,1.0,1.0,1.0,1.0,1.0,,1.0,1.0,,1.0,1.0,1.0,,
58,18.03.2017,,,,,,,,,,,,,,,,,,,,,,,
59,20.03.2017,,1.0,,,1.0,1.0,,,,,,,,1.0,1.0,,,,,,,,
60,21.03.2017,,,1.0,,1.0,1.0,1.0,1.0,1.0,1.0,,,,,1.0,1.0,1.0,,,1.0,,1.0,1.0
61,22.03.2017,,,,,,,,1.0,,1.0,1.0,,1.0,,,,,,,,1.0,,
62,23.03.2017,,,1.0,,,,1.0,,,1.0,1.0,,,1.0,,1.0,,1.0,,,,1.0,
63,24.03.2017,,,,,,1.0,1.0,1.0,1.0,,1.0,1.0,,1.0,1.0,,,,1.0,,1.0,,
64,25.03.2017,,,,,,,,,,,,,,,,,,,,,,,
65,27.03.2017,,,,,,,,,,1.0,1.0,1.0,,,,,1.0,,,,,,
66,28.03.2017,1.0,1.0,,,,,1.0,1.0,,,1.0,,1.0,,,1.0,,,1.0,1.0,1.0,,1.0
67,29.03.2017,,1.0,,,,1.0,,,,,,,,1.0,,1.0,,,,,,1.0,
68,30.03.2017,,,,,,1.0,1.0,,1.0,,1.0,1.0,,1.0,,1.0,,,1.0,,,,1.0
69,31.03.2017,,1.0,,,,1.0,1.0,,,,,,,1.0,1.0,,1.0,1.0,,1.0,,,
70,01.04.2017,,,,,,,,,,,,,,,,,,,,,,,
71,03.04.2017,,,,,,1.0,,,,1.0,,1.0,,,,1.0,,1.0,1.0,1.0,,1.0,
72,04.04.2017,1.0,,,,,,,,1.0,,,1.0,1.0,,,1.0,,1.0,,,1.0,,1.0
73,05.04.2017,,,,1.0,1.0,1.0,1.0,,,,1.0,1.0,,1.0,1.0,,1.0,,,1.0,,,
74,06.04.2017,,1.0,1.0,,1.0,,,,,,1.0,1.0,,,,1.0,1.0,1.0,1.0,,,1.0,
75,07.04.2017,,,,,,,1.0,,,,,,,1.0,1.0,,,1.0,1.0,,,,1.0
76,08.04.2017,,,,,,,,,,,,,,,,,,,,,,,
77,10.04.2017,,,1.0,,,1.0,,,1.0,1.0,,1.0,,,,,,,1.0,1.0,,,
78,11.04.2017,1.0,,,,1.0,,1.0,,1.0,,,1.0,,,,1.0,1.0,,,,,1.0,1.0
79,12.04.2017,1.0,,1.0,,,,,,,,1.0,,,,1.0,,,,1.0,,,,
80,13.04.2017,,,1.0,,,1.0,,1.0,,1.0,1.0,,,,,,,1.0,,,1.0,1.0,1.0
81,14.04.2017,,,1.0,,1.0,,1.0,,1.0,,,1.0,1.0,1.0,,1.0,,1.0,1.0,1.0,,,
82,15.04.2017,,,,,,,,,,,,,,,,,,,,,,,
83,17.04.2017,1.0,,,,,,1.0,1.0,1.0,,1.0,,,1.0,,,,,,,1.0,,
84,18.04.2017,1.0,,1.0,1.0,,,1.0,,,,1.0,,,,1.0,,1.0,,,,,1.0,
85,19.04.2017,,,1.0,,,,,,,,,1.0,,,1.0,1.0,,1.0,1.0,1.0,1.0,,1.0
86,20.04.2017,1.0,,1.0,1.0,1.0,,,,1.0,,1.0,,,,,,1.0,1.0,,1.0,1.0,1.0,1.0
87,21.04.2017,,1.0,1.0,,1.0,1.0,1.0,,,,1.0,1.0,1.0,1.0,1.0,,,1.0,1.0,,1.0,1.0,
88,22.04.2017,,,,,,,,,,,,,,,,,,,,,,,
89,24.04.2017,1.0,,,,,,,,,1.0,,,1.0,,,,,1.0,,1.0,,1.0,
90,25.04.2017,,,1.0,,,,,,,,1.0,,,1.0,,,1.0,,,1.0,,,
91,26.04.2017,,1.0,,,,,,1.0,,1.0,1.0,,,1.0,,,1.0,,,1.0,1.0,,
92,27.04.2017,,,1.0,,1.0,,1.0,1.0,,,,,,,,,,1.0,1.0,,,1.0,
93,28.04.2017,,1.0,1.0,1.0,1.0,,,1.0,1.0,,,,,,,,1.0,1.0,1.0,,1.0,,
94,29.04.2017,,,,,,,,,,,,,,,,,,,,,,,
95,01.05.2017,,,,,,,,,,1.0,,,,,,1.0,,1.0,,,,,
96,02.05.2017,,1.0,,1.0,,,,,,,1.0,,,,,,,,,,,1.0,
97,03.05.2017,,,1.0,,,,1.0,,,,,,1.0,,,1.0,1.0,,,1.0,,,1.0
98,04.05.2017,,1.0,1.0,,,,,1.0,,,,,,,1.0,,,1.0,,,1.0,1.0,
99,05.05.2017,,,,1.0,,1.0,1.0,,,,,1.0,,1.0,,1.0,,1.0,,1.0,1.0,,
100,06.05.2017,,,,,,,,,,,,,,,,,,,,,,,
101,08.05.2017,,,1.0,1.0,,1.0,1.0,,,,,,,,1.0,,1.0,,,1.0,,1.0,
102,09.05.2017,,,,,1.0,1.0,1.0,,1.0,1.0,,1.0,1.0,1.0,,,,,,1.0,,,
103,10.05.2017,,,,1.0,1.0,,1.0,,1.0,,,,,1.0,,1.0,1.0,1.0,1.0,1.0,,1.0,
104,11.05.2017,,1.0,1.0,1.0,,,,,1.0,1.0,1.0,,,,1.0,,,1.0,1.0,1.0,,,
105,12.05.2017,,1.0,,1.0,1.0,,,1.0,,,,1.0,1.0,,,1.0,,,,,1.0,,
106,13.05.2017,,,,,,,,,,,,,,,,,,,,,,,
107,15.05.2017,,,1.0,1.0,,,,1.0,,1.0,1.0,,1.0,1.0,1.0,,,,1.0,1.0,,1.0,
108,16.05.2017,1.0,1.0,,,,1.0,,1.0,1.0,1.0,,1.0,,,1.0,,,,,1.0,,,
109,17.05.2017,,,,,,,1.0,,1.0,1.0,1.0,1.0,,,,,1.0,,,,,,
110,18.05.2017,1.0,,1.0,1.0,,,1.0,1.0,,,1.0,1.0,1.0,1.0,1.0,1.0,,1.0,1.0,1.0,1.0,1.0,1.0
111,19.05.2017,,1.0,,1.0,,1.0,,1.0,,1.0,1.0,,,,,1.0,1.0,1.0,1.0,1.0,1.0,1.0,1.0
112,20.05.2017,,,,,,,,,,,,,,,,,,,,,,,
113,22.05.2017,,1.0,1.0,1.0,1.0,1.0,,1.0,,,,,,,,,,1.0,1.0,1.0,1.0,1.0,
114,23.05.2017,,1.0,,,,1.0,,,,,,,,,,,,1.0,1.0,,,,
115,24.05.2017,,1.0,1.0,1.0,1.0,1.0,1.0,,1.0,1.0,1.0,1.0,,1.0,,1.0,1.0,1.0,,1.0,,,1.0
116,25.05.2017,,1.0,,,1.0,,1.0,1.0,,1.0,,,1.0,,,1.0,1.0,,,,,1.0,1.0
117,26.05.2017,,,,,,,1.0,,1.0,,,1.0,,,1.0,,,1.0,,,,1.0,1.0
118,27.05.2017,,,,,,,,,,,,,,,,,,,,,,,
119,29.05.2017,,,,,,,,1.0,,,,1.0,,,,,,,1.0,,,,
120,30.05.2017,,,1.0,,,,,,1.0,,,1.0,1.0,1.0,,1.0,,1.0,,,1.0,,1.0
121,31.05.2017,,,1.0,1.0,1.0,1.0,,,,,,1.0,,,,,1.0,,1.0,,,,
122,01.06.2017,1.0,1.0,1.0,1.0,,,,1.0,,,1.0,,,1.0,,,,1.0,1.0,,1.0,1.0,1.0
123,02.06.2017,,1.0,,1.0,1.0,1.0,,1.0,1.0,1.0,1.0,1.0,,,1.0,1.0,1.0,1.0,,,1.0,,1.0
124,03.06.2017,,,,,,,,,,,,,,,,,,,,,,,
125,05.06.2017,1.0,,,,,,,1.0,,1.0,1.0,1.0,1.0,1.0,,1.0,,,1.0,,,,
126,06.06.2017,1.0,,1.0,1.0,1.0,,,,1.0,,1.0,1.0,1.0,,,1.0,1.0,1.0,,,1.0,,1.0
127,07.06.2017,1.0,,1.0,,,,1.0,1.0,,,1.0,,,1.0,,,,1.0,1.0,1.0,1.0,,
128,08.06.2017,1.0,,1.0,,,1.0,,1.0,1.0,,,1.0,,,1.0,,1.0,,,1.0,,,
129,09.06.2017,,1.0,,,,1.0,,,,,,,1.0,,,1.0,,,,,,,1.0
130,10.06.2017,,,,,,,,,,,,,,,,,,,,,,,
131,12.06.2017,1.0,,1.0,,1.0,,,,,,1.0,1.0,,,1.0,,,1.0,1.0,1.0,,,
132,13.06.2017,1.0,,1.0,1.0,1.0,1.0,,1.0,,1.0,1.0,,,1.0,1.0,1.0,,,1.0,1.0,,,1.0
133,14.06.2017,1.0,,,1.0,1.0,,1.0,,1.0,,,1.0,1.0,,,,1.0,,,,,,
134,15.06.2017,,1.0,,,,,,,1.0,,1.0,,,,,,,,1.0,,1.0,,1.0
135,16.06.2017,,1.0,,,,,,1.0,1.0,,,,1.0,,,1.0,1.0,1.0,,,1.0,1.0,
136,17.06.2017,,,,,,,,,,,,,,,,,,,,,,,
137,19.06.2017,,1.0,,1.0,,,,,,1.0,1.0,,,,,1.0,1.0,,1.0,,1.0,1.0,1.0
138,20.06.2017,1.0,,,1.0,1.0,1.0,1.0,,1.0,1.0,1.0,,1.0,,1.0,1.0,1.0,1.0,1.0,1.0,,,
139,21.06.2017,,,,,,1.0,1.0,,1.0,,,1.0,,1.0,,1.0,,,1.0,,,,
140,22.06.2017,,1.0,,,1.0,,,,1.0,1.0,,,1.0,1.0,,,,1.0,,1.0,,1.0,
141,23.06.2017,,1.0,1.0,,,1.0,1.0,1.0,1.0,1.0,,1.0,1.0,,,1.0,1.0,,,,1.0,1.0,1.0
142,24.06.2017,,,,,,,,,,,,,,,,,,,,,,,
143,26.06.2017,,,,,1.0,,,,1.0,1.0,,1.0,1.0,,,1.0,,1.0,1.0,,,,
144,27.06.2017,1.0,,,,,,,1.0,,1.0,,,1.0,,,,,1.0,1.0,,1.0,,1.0
145,28.06.2017,,,,1.0,,,1.0,,1.0,,,1.0,,,1.0,1.0,1.0,,1.0,1.0,,,
146,29.06.2017,,,,,,,,1.0,1.0,,,,,,,,,,,,,,
147,30.06.2017,,,,1.0,,,,,1.0,,,,,1.0,,,,1.0,1.0,,1.0,,
148,01.07.2017,,,,,,,,,,,,,,,,,,,,,,,
149,03.07.2017,1.0,1.0,1.0,,1.0,,,,1.0,1.0,1.0,1.0,1.0,1.0,,1.0,1.0,,,,,,1.0
150,04.07.2017,1.0,,1.0,1.0,,1.0,1.0,,1.0,,,,,,1.0,,1.0,1.0,1.0,1.0,,1.0,
151,05.07.2017,,,1.0,,1.0,1.0,1.0,,1.0,1.0,1.0,1.0,,,1.0,,,,1.0,,,1.0,
152,06.07.2017,1.0,1.0,1.0,,1.0,,,1.0,,,1.0,,1.0,,,,1.0,1.0,,,,,1.0
153,07.07.2017,1.0,,1.0,,1.0,,1.0,1.0,,1.0,,,,1.0,1.0,1.0,1.0,1.0,1.0,1.0,1.0,1.0,1.0
154,08.07.2017,,,,,,,,,,,,,,,,,,,,,,,
155,10.07.2017,,,,,1.0,,1.0,1.0,1.0,,1.0,1.0,1.0,,,,,,,,,1.0,
156,11.07.2017,,,,,,,,,,,,,,,1.0,,,1.0,,1.0,1.0,,1.0
157,12.07.2017,,1.0,1.0,,1.0,,,1.0,,,,,1.0,,,1.0,,,,,1.0,1.0,
158,13.07.2017,1.0,,1.0,,1.0,1.0,1.0,1.0,1.0,1.0,1.0,,1.0,1.0,1.0,,,1.0,,,,,
159,14.07.2017,1.0,,,,,,1.0,1.0,,,,1.0,,1.0,1.0,1.0,,,1.0,,1.0,,1.0
160,15.07.2017,,,,,,,,,,,,,,,,,,,,,,,
161,17.07.2017,,1.0,1.0,,1.0,,,1.0,1.0,1.0,,,,,1.0,1.0,1.0,1.0,1.0,1.0,1.0,1.0,
162,18.07.2017,,,1.0,1.0,1.0,1.0,1.0,,1.0,1.0,,,1.0,1.0,,1.0,1.0,,1.0,1.0,,,
163,19.07.2017,,,,,,,1.0,1.0,,1.0,1.0,,1.0,1.0,,,,,,,,,1.0
164,20.07.2017,,1.0,,1.0,,1.0,,1.0,1.0,1.0,,1.0,1.0,1.0,1.0,1.0,1.0,,1.0,,,1.0,1.0
165,21.07.2017,,,,,,,,,1.0,1.0,,,,,1.0,,,,1.0,1.0,,,
166,22.07.2017,,,,,,,,,,,,,,,,,,,,,,,
167,24.07.2017,1.0,,,1.0,,,1.0,1.0,,1.0,1.0,,,,,1.0,1.0,1.0,,,1.0,,
168,25.07.2017,,,,,1.0,1.0,,1.0,1.0,,,,,,,,1.0,,,1.0,1.0,,
169,26.07.2017,,,1.0,1.0,1.0,1.0,1.0,1.0,1.0,1.0,,1.0,1.0,,,1.0,1.0,,,,1.0,1.0,1.0
170,27.07.2017,1.0,,,,,1.0,,1.0,,,,1.0,,,,,,,,,,,
171,28.07.2017,1.0,,,1.0,1.0,,1.0,1.0,,,,1.0,1.0,,,,1.0,,1.0,,1.0,1.0,1.0
172,29.07.2017,,,,,,,,,,,,,,,,,,,,,,,
173,31.07.2017,,1.0,,,,,1.0,1.0,,1.0,1.0,,1.0,,,1.0,1.0,1.0,,1.0,,1.0,
174,01.08.2017,,,1.0,,,1.0,1.0,1.0,1.0,1.0,,,1.0,,,,,,1.0,,,1.0,1.0
175,02.08.2017,,,,,,,,,,,1.0,,,,1.0,,,1.0,,1.0,1.0,,
176,03.08.2017,1.0,1.0,,,,1.0,,,1.0,,1.0,1.0,,,,,,1.0,1.0,,,,
177,04.08.2017,1.0,1.0,1.0,,,1.0,,1.0,,,1.0,,,1.0,1.0,,1.0,1.0,1.0,1.0,1.0,,1.0
178,05.08.2017,,,,,,,,,,,,,,,,,,,,,,,
179,07.08.2017,,1.0,1.0,,1.0,,,1.0,,1.0,1.0,,,1.0,,,,1.0,,1.0,,,
180,08.08.2017,,,1.0,,1.0,1.0,1.0,1.0,1.0,1.0,1.0,1.0,,,,,1.0,1.0,1.0,1.0,1.0,1.0,
181,09.08.2017,,,,,1.0,,,,1.0,1.0,,,1.0,,,,1.0,,,1.0,,1.0,
182,10.08.2017,1.0,,1.0,,1.0,,1.0,,1.0,1.0,1.0,1.0,1.0,,,1.0,1.0,1.0,,1.0,1.0,,
183,11.08.2017,,,1.0,,,1.0,1.0,1.0,,,,,,,,,1.0,,,1.0,,1.0,1.0
184,12.08.2017,,,,,,,,,,,,,,,,,,,,,,,
185,14.08.2017,1.0,,,,1.0,,1.0,1.0,1.0,,,1.0,,,,,,,1.0,1.0,1.0,1.0,1.0
186,15.08.2017,,,,,1.0,,,,,1.0,,,,,,1.0,1.0,,,,,,
187,16.08.2017,,1.0,,,1.0,,1.0,,,,,,,,,1.0,1.0,,,,,1.0,1.0
188,17.08.2017,,,,,,,1.0,,,,,,,1.0,,,,,1.0,,1.0,,1.0
189,18.08.2017,,1.0,,1.0,1.0,,1.0,,,1.0,,1.0,,,,1.0,1.0,,,1.0,1.0,1.0,1.0
190,19.08.2017,,,,,,,,,,,,,,,,,,,,,,,
191,21.08.2017,,1.0,1.0,,,,,,,1.0,,,1.0,1.0,,,,,1.0,1.0,1.0,,
192,22.08.2017,,1.0,1.0,,1.0,,1.0,1.0,1.0,,1.0,1.0,,1.0,1.0,1.0,1.0,1.0,1.0,1.0,1.0,1.0,
193,23.08.2017,,,1.0,,1.0,1.0,,1.0,1.0,,1.0,,,,1.0,,,,1.0,,1.0,,
194,24.08.2017,,1.0,1.0,,,1.0,1.0,,,,,1.0,,1.0,1.0,,,1.0,1.0,,,,
195,25.08.2017,,,1.0,,,,1.0,1.0,,1.0,1.0,1.0,1.0,,,1.0,1.0,1.0,,,1.0,,1.0
196,26.08.2017,,,,,,,,,,,,,,,,,,,,,,,
197,28.08.2017,,1.0,1.0,1.0,1.0,1.0,1.0,,1.0,,1.0,,,1.0,1.0,,,,,,,,
198,29.08.2017,1.0,,,,,1.0,,,,1.0,,,,,,,,,,,,1.0,
199,30.08.2017,1.0,,,,1.0,,,1.0,1.0,1.0,1.0,,,,,1.0,1.0,,,1.0,,,
200,31.08.2017,,1.0,1.0,,,,1.0,,1.0,,1.0,,1.0,,,,,,1.0,1.0,,,1.0
201,01.09.2017,,1.0,,,,1.0,1.0,1.0,,,1.0,,,,,,1.0,1.0,1.0,1.0,1.0,,
202,02.09.2017,,,,,,,,,,,,,,,,,,,,,,,
203,04.09.2017,,,,1.0,,,1.0,,1.0,1.0,,1.0,1.0,,,,1.0,,,1.0,,1.0,
204,05.09.2017,1.0,,1.0,1.0,1.0,,1.0,,,1.0,,,,,,,1.0,,,,,1.0,
205,06.09.2017,1.0,1.0,1.0,1.0,1.0,,1.0,,,,1.0,1.0,1.0,1.0,1.0,1.0,1.0,,,,,1.0,
206,07.09.2017,1.0,,1.0,,1.0,1.0,1.0,,,,1.0,1.0,,,1.0,1.0,1.0,1.0,1.0,,,,
207,08.09.2017,1.0,1.0,1.0,,1.0,,1.0,,,,1.0,,,1.0,,,,,,,,,
208,09.09.2017,,,,,,,,,,,,,,,,,,,,,,,
209,11.09.2017,,,,,1.0,,1.0,,,1.0,,1.0,1.0,1.0,,1.0,1.0,,,1.0,,1.0,
210,12.09.2017,1.0,,,,,,1.0,,,1.0,,1.0,,1.0,,,,1.0,,1.0,,,1.0
211,13.09.2017,1.0,,1.0,,,1.0,1.0,1.0,1.0,,,,,1.0,,1.0,1.0,1.0,1.0,1.0,1.0,,
212,14.09.2017,,1.0,1.0,,,,1.0,1.0,,1.0,1.0,,,,,,1.0,,,,,1.0,
213,15.09.2017,,1.0,,,,,1.0,1.0,,,,1.0,1.0,1.0,,1.0,,,,,,,
214,16.09.2017,,,,,,,,,,,,,,,,,,,,,,,
215,18.09.2017,,1.0,,,1.0,,,1.0,,,,1.0,,,,,1.0,1.0,,,1.0,1.0,
216,19.09.2017,,,,1.0,1.0,,,,,1.0,1.0,1.0,,,,1.0,,,,,,1.0,
217,20.09.2017,1.0,1.0,,,,1.0,,1.0,1.0,1.0,,,,,,,,1.0,1.0,,,,
218,21.09.2017,,1.0,1.0,,1.0,,1.0,1.0,,,,,,1.0,,,,,,,1.0,,
219,22.09.2017,1.0,1.0,1.0,,1.0,1.0,1.0,1.0,,,,,1.0,,,1.0,1.0,1.0,1.0,1.0,,1.0,1.0
220,23.09.2017,,,,,,,,,,,,,,,,,,,,,,,
221,25.09.2017,,,1.0,,,1.0,,,1.0,,,,,,,,1.0,,1.0,1.0,,,
222,26.09.2017,,1.0,,1.0,1.0,,,,,1.0,1.0,,,,,,,1.0,,1.0,,,
223,27.09.2017,1.0,1.0,,,,1.0,1.0,,1.0,,1.0,1.0,1.0,1.0,,,,,,,,1.0,
224,28.09.2017,,1.0,1.0,,,1.0,1.0,1.0,1.0,,1.0,,,1.0,1.0,,,,,,1.0,,
225,29.09.2017,,,1.0,,,,1.0,,1.0,1.0,1.0,1.0,,1.0,1.0,1.0,,1.0,1.0,,,1.0,
226,30.09.2017,,,,,,,,,,,,,,,,,,,,,,,
227,02.10.2017,,,1.0,,,1.0,,,,1.0,,,,,,,,,,,,,1.0
228,03.10.2017,,1.0,,,1.0,1.0,1.0,1.0,,,1.0,1.0,1.0,1.0,,,,,,,,1.0,
229,04.10.2017,,1.0,,,,1.0,1.0,,,1.0,1.0,1.0,,1.0,1.0,1.0,,,1.0,1.0,,,1.0
230,05.10.2017,1.0,,1.0,,1.0,1.0,,,1.0,1.0,1.0,,,,,,1.0,,1.0,1.0,1.0,1.0,
231,06.10.2017,,1.0,,,,1.0,,1.0,,,,,,,,,,,,,,,
232,07.10.2017,,,,,,,,,,,,,,,,,,,,,,,
233,09.10.2017,,,,,,1.0,,,1.0,,,,,,,,,1.0,,,,,
234,10.10.2017,,,1.0,,1.0,,,,1.0,1.0,,,,1.0,,1.0,1.0,1.0,1.0,,,1.0,
235,11.10.2017,,,,,1.0,1.0,1.0,,,1.0,1.0,1.0,,1.0,1.0,,,,,,,,
236,12.10.2017,,,,,,1.0,1.0,1.0,1.0,1.0,1.0,,,,,,,,1.0,,1.0,,
237,13.10.2017,,,1.0,,,,1.0,1.0,,,,1.0,,1.0,,,,,,,1.0,,1.0
238,14.10.2017,,,,,,,,,,,,,,,,,,,,,,,
239,16.10.2017,1.0,,1.0,1.0,1.0,,,,1.0,,,1.0,,,,1.0,,1.0,,,,,
240,17.10.2017,,,,,1.0,1.0,,,,1.0,1.0,1.0,,1.0,,,,,1.0,,,,
241,18.10.2017,1.0,,1.0,,1.0,1.0,1.0,,,,1.0,1.0,,1.0,,,,,,,,1.0,
242,19.10.2017,,1.0,,,1.0,1.0,,,,1.0,1.0,,,1.0,1.0,,,,,,,,
243,20.10.2017,,,,,,,,1.0,1.0,1.0,1.0,,,,,,1.0,1.0,,,1.0,,1.0
244,21.10.2017,,,,,,,,,,,,,,,,,,,,,,,
245,23.10.2017,1.0,1.0,,,,1.0,1.0,,,,,1.0,,1.0,,1.0,,1.0,,1.0,,,
246,24.10.2017,1.0,1.0,,,1.0,1.0,1.0,1.0,,,,,1.0,,1.0,1.0,,,,1.0,,,
247,25.10.2017,1.0,,1.0,,,1.0,1.0,,1.0,,1.0,,,,,,,1.0,1.0,,,,1.0
248,26.10.2017,1.0,,1.0,,,1.0,,1.0,1.0,1.0,1.0,,1.0,,1.0,,,,,1.0,1.0,,1.0
249,27.10.2017,1.0,1.0,,,,,,,,,1.0,,1.0,1.0,,,,,,,,,
250,28.10.2017,,,,,,,,,,,,,,,,,,,,,,,
251,30.10.2017,,1.0,,1.0,1.0,1.0,,,,,1.0,,,,,,1.0,1.0,1.0,1.0,1.0,,
252,31.10.2017,,,,,1.0,,,,1.0,,,,,,1.0,1.0,1.0,,,1.0,,,1.0
253,01.11.2017,,,1.0,,1.0,,,1.0,1.0,,,,,,,,1.0,,,1.0,,,1.0
254,02.11.2017,,1.0,,,,,,1.0,,,1.0,,,,1.0,,,,1.0,,1.0,,
255,03.11.2017,1.0,,,,1.0,,,,1.0,1.0,,,1.0,,,,1.0,,,,,1.0,1.0
256,04.11.2017,,,,,,,,,,,,,,,,,,,,,,,
257,06.11.2017,1.0,1.0,,,1.0,,1.0,1.0,1.0,1.0,,,,,,,1.0,,,,,,1.0
258,07.11.2017,,,,1.0,1.0,1.0,,,,,,,,1.0,,1.0,1.0,1.0,,1.0,,,1.0
259,08.11.2017,,,1.0,1.0,1.0,1.0,1.0,,1.0,,,1.0,,,,1.0,1.0,,,,,,1.0
260,09.11.2017,1.0,,,1.0,,,1.0,1.0,1.0,1.0,,,1.0,1.0,1.0,1.0,1.0,1.0,,1.0,,,
261,10.11.2017,,1.0,,,1.0,,,,1.0,1.0,1.0,,,,,,1.0,1.0,,1.0,,,
262,11.11.2017,,,,,,,,,,,,,,,,,,,,,,,
263,13.11.2017,,1.0,1.0,,1.0,1.0,,,,,,,,,,,,,1.0,,,,
264,14.11.2017,1.0,,1.0,,1.0,,,,,,,,,,,,1.0,1.0,,,,1.0,1.0
265,15.11.2017,1.0,1.0,,,,,1.0,,,1.0,,1.0,1.0,,,1.0,1.0,,,,,1.0,
266,16.11.2017,1.0,1.0,1.0,,1.0,1.0,1.0,,1.0,1.0,1.0,,,,1.0,,,,1.0,1.0,,1.0,
267,17.11.2017,,,,,,,1.0,,,,,,,,,,,,1.0,1.0,,,
268,18.11.2017,,,,,,,,,,,,,,,,,,,,,,,
269,20.11.2017,1.0,1.0,,,1.0,,,1.0,1.0,,,1.0,1.0,1.0,1.0,1.0,,1.0,,,1.0,,
270,21.11.2017,1.0,,1.0,1.0,1.0,,1.0,,,,,,,1.0,,,1.0,1.0,1.0,1.0,,1.0,1.0
271,22.11.2017,,,1.0,,1.0,,1.0,,1.0,,,1.0,,1.0,,,1.0,,,1.0,,,
272,23.11.2017,,1.0,,,,1.0,,,,1.0,,,,1.0,,,,,1.0,1.0,,1.0,
273,24.11.2017,,,,,,,,,,,1.0,1.0,1.0,,,1.0,,1.0,,,,,
274,25.11.2017,,,,,,,,,,,,,,,,,,,,,,,
275,27.11.2017,1.0,,1.0,,,1.0,,1.0,,1.0,,,1.0,1.0,,,1.0,1.0,1.0,,1.0,,
276,28.11.2017,,,1.0,,,1.0,,,1.0,,,,,,1.0,,,,1.0,1.0,,,1.0
277,29.11.2017,1.0,1.0,1.0,,1.0,1.0,1.0,1.0,,,,,,,,1.0,,1.0,,,1.0,,
278,30.11.2017,1.0,,,,1.0,,,,,,,,,1.0,,,1.0,,1.0,,1.0,,
279,01.12.2017,1.0,,1.0,,,,1.0,1.0,,1.0,1.0,,,1.0,,1.0,1.0,,1.0,1.0,,1.0,
280,02.12.2017,,,,,,,,,,,,,,,,,,,,,,,
281,04.12.2017,,,,,,1.0,1.0,,1.0,,,1.0,,,,,1.0,,,,,,
282,05.12.2017,,1.0,,,,,1.0,,,,,,,,,1.0,,,,,,,
283,06.12.2017,,1.0,1.0,,1.0,,,,1.0,,,,,1.0,,,1.0,1.0,,,,1.0,1.0
284,07.12.2017,1.0,,,,,,1.0,,,,,1.0,1.0,,,1.0,,,,1.0,,,
285,08.12.2017,1.0,1.0,,,1.0,,1.0,,1.0,,,,1.0,1.0,,1.0,1.0,1.0,,,,1.0,
286,09.12.2017,,,,,,,,,,,,,,,,,,,,,,,
287,11.12.2017,,,,,1.0,,,,,1.0,1.0,,,,,,1.0,,,,1.0,,
288,12.12.2017,,,1.0,,1.0,1.0,,,1.0,,1.0,,,,,,,,1.0,1.0,,1.0,
289,13.12.2017,,,,,,,,,,,,,,,,,,,,,,,
290,14.12.2017,,,,,,,,,,,,,,,,,,,,,,,
291,15.12.2017,,,,,,,,,,,,,,,,,,,,,,,
292,16.12.2017,,,,,,,,,,,,,,,,,,,,,,,
293,18.12.2017,,,,,,,,,,,,,,,,,,,,,,,
294,19.12.2017,,,,,,,,,,,,,,,,,,,,,,,
295,20.12.2017,,,,,,,,,,,,,,,,,,,,,,,
296,21.12.2017,,,,,,,,,,,,,,,,,,,,,,,
297,22.12.2017,,,,,,,,,,,,,,,,,,,,,,,
298,23.12.2017,,,,,,,,,,,,,,,,,,,,,,,
299,25.12.2017,,,,,,,,,,,,,,,,,,,,,,,
300,26.12.2017,,,,,,,,,,,,,,,,,,,,,,,
301,27.12.2017,,,,,,,,,,,,,,,,,,,,,,,
302,28.12.2017,,,,,,,,,,,,,,,,,,,,,,,
303,29.12.2017,,,,,,,,,,,,,,,,,,,,,,,
304,30.12.2017,,,,,,,,,,,,,,,,,,,,,,,
305,02.01.2018,,,,,,,,,,,,,,,,,,,,,,,
306,03.01.2018,,,1.0,,1.0,1.0,1.0,1.0,1.0,,,,,1.0,,1.0,1.0,1.0,1.0,,1.0,1.0,
307,04.01.2018,1.0,,,,,,1.0,1.0,,,,1.0,,,,1.0,,1.0,,1.0,1.0,1.0,1.0
308,05.01.2018,,,1.0,,,,1.0,1.0,1.0,1.0,,1.0,1.0,,,,1.0,1.0,,,1.0,1.0,
309,06.01.2018,,,,,,,,,,,,,,,,,,,,,,,
310,08.01.2018,,,1.0,,,,,,,1.0,,,1.0,,1.0,1.0,,,1.0,1.0,,1.0,1.0
311,09.01.2018,1.0,1.0,,,,,,,1.0,1.0,,,,1.0,,,,,1.0,1.0,,,
312,10.01.2018,,1.0,,1.0,,,,1.0,1.0,,1.0,,,,,1.0,1.0,1.0,,1.0,1.0,1.0,1.0
313,11.01.2018,1.0,1.0,1.0,,,1.0,1.0,,,1.0,1.0,1.0,,1.0,,1.0,,1.0,1.0,,,,
314,12.01.2018,,,1.0,,,,,,,,1.0,1.0,1.0,1.0,,1.0,1.0,,1.0,,,1.0,
315,13.01.2018,,,,,,,,,,,,,,,,,,,,,,,
316,15.01.2018,,1.0,1.0,,1.0,1.0,1.0,,1.0,,,1.0,,1.0,,1.0,,,,,,,
317,16.01.2018,1.0,1.0,,,,,1.0,1.0,1.0,1.0,,1.0,1.0,1.0,,1.0,1.0,1.0,,1.0,1.0,,1.0
318,17.01.2018,,1.0,1.0,,1.0,1.0,,1.0,1.0,1.0,1.0,,,1.0,1.0,1.0,1.0,1.0,1.0,,,,1.0
319,18.01.2018,1.0,1.0,1.0,,1.0,,1.0,1.0,,,,,,1.0,,1.0,1.0,,,1.0,1.0,1.0,1.0
320,19.01.2018,,,,1.0,,1.0,,,1.0,,,,,,1.0,1.0,,,,,,1.0,
321,20.01.2018,,,,,,,,,,,,,,,,,,,,,,,
322,22.01.2018,1.0,1.0,1.0,,,1.0,1.0,,,,1.0,,,1.0,1.0,1.0,1.0,,,,1.0,,
323,23.01.2018,,1.0,1.0,,,1.0,,1.0,1.0,,1.0,1.0,,,1.0,,1.0,1.0,1.0,1.0,1.0,1.0,
324,24.01.2018,1.0,,1.0,1.0,,,1.0,1.0,1.0,1.0,,1.0,,,,,1.0,,,,,,
325,25.01.2018,1.0,,1.0,1.0,1.0,,,,1.0,,,1.0,1.0,,,1.0,,,,,,,
326,26.01.2018,,,1.0,,1.0,1.0,,,1.0,,1.0,1.0,1.0,,,1.0,,,1.0,,1.0,1.0,
327,27.01.2018,,,,,,,,,,,,,,,,,,,,,,,
328,29.01.2018,,1.0,1.0,,1.0,1.0,1.0,1.0,1.0,,1.0,1.0,,,,1.0,1.0,1.0,1.0,1.0,1.0,1.0,1.0
329,30.01.2018,1.0,1.0,1.0,1.0,1.0,,,1.0,1.0,1.0,1.0,,,,1.0,1.0,,,1.0,,,,
330,31.01.2018,,,,,,,,,,1.0,1.0,,,,1.0,,,1.0,1.0,,,,1.0
331,01.02.2018,,1.0,,,,,1.0,,,1.0,1.0,1.0,1.0,,,1.0,,1.0,,,,,1.0
332,02.02.2018,,,,,,,,,,,,,,1.0,,,,1.0,,1.0,1.0,1.0,
333,03.02.2018,,,,,,,,,,,,,,,,,,,,,,,
334,05.02.2018,1.0,,,,1.0,,,1.0,1.0,1.0,,,1.0,,,1.0,1.0,1.0,1.0,,,1.0,1.0
335,06.02.2018,,1.0,,,1.0,1.0,1.0,1.0,1.0,,1.0,,,1.0,,1.0,,1.0,,,1.0,,1.0
336,07.02.2018,,,,,1.0,1.0,1.0,,1.0,,1.0,,,,1.0,,1.0,1.0,1.0,1.0,1.0,,1.0
337,08.02.2018,,1.0,1.0,,,1.0,,1.0,,1.0,,,,,,,1.0,,1.0,1.0,1.0,,
338,09.02.2018,1.0,1.0,1.0,1.0,,1.0,,1.0,1.0,1.0,,1.0,,1.0,1.0,,,1.0,1.0,1.0,1.0,,
339,10.02.2018,,,,,,,,,,,,,,,,,,,,,,,
340,12.02.2018,1.0,,,,1.0,,1.0,1.0,,1.0,1.0,1.0,1.0,1.0,,,,1.0,1.0,1.0,,1.0,
341,13.02.2018,1.0,1.0,1.0,1.0,,1.0,,1.0,1.0,,1.0,,,1.0,1.0,,1.0,,,,,1.0,
342,14.02.2018,,1.0,,,1.0,,1.0,1.0,1.0,1.0,1.0,,,1.0,,,1.0,,,,,,
343,15.02.2018,,1.0,,,1.0,1.0,,,1.0,1.0,1.0,,,1.0,,,,,,,,,
344,16.02.2018,1.0,,1.0,1.0,,1.0,,1.0,1.0,1.0,,1.0,,,,,,,1.0,,,,1.0
345,17.02.2018,,,,,,,,,,,,,,,,,,,,,,,
346,19.02.2018,,1.0,1.0,,,1.0,1.0,1.0,,,1.0,,,1.0,,1.0,1.0,,1.0,1.0,,1.0,
347,20.02.2018,,,,,,,,1.0,,,,1.0,,,,,1.0,,,,,,
348,21.02.2018,,,,,1.0,,1.0,,,1.0,,1.0,,,,,,,,,,,
349,22.02.2018,,,,1.0,1.0,,,,1.0,1.0,,,,,,1.0,1.0,,,1.0,1.0,1.0,1.0
350,23.02.2018,,1.0,,1.0,1.0,,,1.0,,,1.0,,,,,,,1.0,1.0,1.0,1.0,1.0,1.0
351,24.02.2018,,,,,,,,,,,,,,,,,,,,,,,
352,26.02.2018,1.0,,1.0,,,,1.0,,1.0,,,1.0,,,,1.0,1.0,1.0,1.0,,1.0,1.0,1.0
353,27.02.2018,,1.0,,,,,,1.0,,,1.0,1.0,,1.0,,,1.0,1.0,1.0,1.0,1.0,,1.0
354,28.02.2018,,1.0,,,1.0,,1.0,,1.0,,1.0,1.0,,,,,1.0,,1.0,,,,
355,01.03.2018,,,,,,,,1.0,1.0,1.0,1.0,1.0,,1.0,1.0,1.0,,,1.0,,,,
356,02.03.2018,1.0,1.0,,,,1.0,,1.0,,1.0,,1.0,,,,1.0,,,,1.0,,,
357,03.03.2018,,,,,,,,,,,,,,,,,,,,,,,
358,05.03.2018,,1.0,1.0,,,,,1.0,,,1.0,,,,1.0,,1.0,,1.0,1.0,1.0,,
359,06.03.2018,1.0,,1.0,1.0,1.0,1.0,1.0,,1.0,,1.0,1.0,,,1.0,1.0,,,1.0,1.0,,,
360,07.03.2018,,,,,,,1.0,1.0,1.0,1.0,,1.0,,,,1.0,,,,,,,
361,08.03.2018,,1.0,,,,1.0,1.0,1.0,1.0,1.0,1.0,1.0,1.0,,1.0,,,,,1.0,1.0,1.0,1.0
362,09.03.2018,1.0,1.0,,1.0,,,,,,,,,,,,1.0,1.0,,,1.0,,,1.0
363,10.03.2018,,,,,,,,,,,,,,,,,,,,,,,
364,12.03.2018,1.0,,1.0,,,1.0,1.0,,,1.0,1.0,1.0,,,,,,1.0,1.0,,,1.0,
365,13.03.2018,1.0,,1.0,1.0,,1.0,1.0,1.0,1.0,1.0,1.0,1.0,,1.0,1.0,,,1.0,1.0,1.0,,,
366,14.03.2018,1.0,,1.0,1.0,1.0,,1.0,1.0,,1.0,,1.0,,,1.0,,1.0,,1.0,1.0,1.0,1.0,
367,15.03.2018,,1.0,,1.0,1.0,,,1.0,1.0,,,1.0,,,,1.0,1.0,1.0,,1.0,,1.0,1.0
368,16.03.2018,1.0,,,,,,,,,,1.0,,,,,,,1.0,1.0,,1.0,,
369,17.03.2018,,,,,,,,,,,,,,,,,,,,,,,
370,19.03.2018,,1.0,,,,,,1.0,1.0,,,,,,,,,1.0,1.0,,1.0,,1.0
371,20.03.2018,1.0,1.0,1.0,,1.0,,,1.0,1.0,,,,1.0,1.0,,1.0,1.0,1.0,,,1.0,1.0,
372,21.03.2018,,1.0,,1.0,,1.0,,1.0,1.0,,1.0,,,,1.0,,1.0,,1.0,,,,1.0
373,22.03.2018,1.0,1.0,1.0,1.0,1.0,1.0,,,1.0,,1.0,,,1.0,,,1.0,,,,1.0,1.0,1.0
374,23.03.2018,,1.0,,1.0,1.0,,,,1.0,,1.0,,1.0,,,,1.0,,,1.0,,,
375,24.03.2018,,,,,,,,,,,,,,,,,,,,,,,
376,26.03.2018,,,,,,,,1.0,1.0,,,,,,,,,1.0,1.0,,,1.0,
377,27.03.2018,,1.0,,,,1.0,1.0,1.0,1.0,1.0,1.0,1.0,,,,1.0,1.0,,,1.0,,,
378,28.03.2018,1.0,1.0,1.0,,1.0,1.0,,,1.0,1.0,1.0,1.0,,1.0,,,1.0,,,1.0,,1.0,
379,29.03.2018,,,1.0,,,1.0,,,1.0,,1.0,,,,1.0,1.0,1.0,,1.0,1.0,,1.0,1.0
380,30.03.2018,1.0,,1.0,,,,1.0,,,1.0,,1.0,,,,,,,,1.0,1.0,,
381,31.03.2018,,,,,,,,,,,,,,,,,,,,,,,
382,02.04.2018,,,1.0,,,,,1.0,,,,,,,,1.0,1.0,1.0,1.0,,1.0,,
383,03.04.2018,1.0,1.0,1.0,1.0,1.0,1.0,,,1.0,1.0,,1.0,1.0,1.0,1.0,1.0,1.0,1.0,1.0,1.0,1.0,1.0,1.0
384,04.04.2018,,,1.0,,,1.0,,1.0,1.0,1.0,,,1.0,,1.0,,,1.0,1.0,,1.0,,1.0
385,05.04.2018,,1.0,1.0,,1.0,,1.0,,1.0,,1.0,1.0,1.0,,,1.0,1.0,,,1.0,1.0,1.0,
386,06.04.2018,,,1.0,,,1.0,,,1.0,,1.0,,,,,,,,1.0,,1.0,1.0,
387,07.04.2018,,,,,,,,,,,,,,,,,,,,,,,
388,09.04.2018,,,1.0,,,,1.0,1.0,,1.0,,1.0,,1.0,1.0,,,1.0,1.0,,,,
389,10.04.2018,,,,,1.0,,,1.0,,,1.0,,,,,,,1.0,1.0,,,,
390,11.04.2018,1.0,,1.0,,1.0,1.0,1.0,,1.0,1.0,,1.0,1.0,1.0,,1.0,1.0,,1.0,,,,
391,12.04.2018,,,1.0,1.0,1.0,1.0,1.0,1.0,,1.0,,1.0,,,1.0,1.0,,,1.0,,1.0,1.0,1.0
392,13.04.2018,1.0,,,,,,,,1.0,1.0,,1.0,1.0,,,,1.0,,,,,1.0,
393,14.04.2018,,,,,,,,,,,,,,,,,,,,,,,
394,16.04.2018,,,1.0,,1.0,1.0,,,1.0,,,,,,1.0,,,1.0,1.0,,,1.0,
395,17.04.2018,,,,,,1.0,,1.0,,,,,,,,1.0,1.0,,,,,,
396,18.04.2018,,,1.0,,,,,,1.0,,1.0,1.0,1.0,1.0,,,,,1.0,,,1.0,
397,19.04.2018,,1.0,,1.0,1.0,1.0,,,1.0,1.0,,,1.0,,,,1.0,1.0,,,1.0,1.0,
398,20.04.2018,,1.0,,,,1.0,,,1.0,,,,,,,,,,,,,,
399,21.04.2018,,,,,,,,,,,,,,,,,,,,,,,
400,23.04.2018,,,1.0,,1.0,1.0,1.0,,,,1.0,,,,1.0,,,,,1.0,,,
401,24.04.2018,1.0,1.0,1.0,,,,,1.0,,,,,,1.0,,,,1.0,,,1.0,1.0,1.0
402,25.04.2018,,,1.0,,,,,1.0,,1.0,,,,,,,,,,1.0,1.0,1.0,1.0
403,26.04.2018,,1.0,,,1.0,,,,1.0,,1.0,1.0,1.0,,,1.0,1.0,,1.0,1.0,1.0,1.0,
404,27.04.2018,,,,,1.0,,1.0,,,,,1.0,,,,,,,,1.0,,,
405,28.04.2018,,,,,,,,,,,,,,,,,,,,,,,
406,30.04.2018,,1.0,1.0,,1.0,1.0,1.0,,1.0,1.0,,1.0,,1.0,,1.0,,1.0,1.0,,1.0,,1.0
407,01.05.2018,,,1.0,,1.0,,1.0,,1.0,,1.0,1.0,,,1.0,,,,,,,,
408,02.05.2018,,,,,1.0,1.0,,1.0,1.0,,1.0,,,,,1.0,1.0,1.0,1.0,,1.0,1.0,
409,03.05.2018,1.0,1.0,1.0,,,1.0,,,,,,,,1.0,,1.0,,1.0,,1.0,1.0,1.0,1.0
410,04.05.2018,1.0,1.0,1.0,,,,,,,1.0,1.0,1.0,1.0,1.0,,1.0,,1.0,,1.0,1.0,1.0,1.0
411,05.05.2018,,,,,,,,,,,,,,,,,,,,,,,
412,07.05.2018,,,,,1.0,,1.0,,,,,,1.0,,,1.0,1.0,,,1.0,,1.0,
413,08.05.2018,,,,,1.0,,,,,,,1.0,,,,1.0,,,,,,,
414,09.05.2018,,1.0,1.0,1.0,1.0,1.0,,1.0,,1.0,1.0,1.0,,1.0,1.0,,,1.0,,,,1.0,
415,10.05.2018,,,,,,,,1.0,,,1.0,,,,,,,1.0,,1.0,1.0,,1.0
416,11.05.2018,,1.0,1.0,,1.0,1.0,1.0,,1.0,,1.0,1.0,,1.0,,1.0,,,1.0,,,,
417,12.05.2018,,,,,,,,,,,,,,,,,,,,,,,
418,14.05.2018,,,,1.0,,,,,1.0,,1.0,,,1.0,,,,,1.0,,,,
419,15.05.2018,1.0,,,,,1.0,,,,1.0,1.0,,,1.0,,,,,,1.0,,,1.0
420,16.05.2018,1.0,,,,,,,,,,,1.0,1.0,1.0,1.0,1.0,,1.0,1.0,,,,1.0
421,17.05.2018,,,,,,1.0,,,1.0,1.0,1.0,1.0,,,,,,1.0,1.0,1.0,,1.0,
422,18.05.2018,,,,,1.0,1.0,,,1.0,1.0,,,,,,,,1.0,,1.0,,,
423,19.05.2018,,,,,,,,,,,,,,,,,,,,,,,
424,21.05.2018,,,,,,,1.0,,,,,1.0,,,,,,1.0,,,,1.0,
425,22.05.2018,,1.0,1.0,,,,1.0,,,1.0,,,,,,,,1.0,1.0,1.0,1.0,1.0,
426,23.05.2018,,,,,1.0,,1.0,1.0,,,,,1.0,,,,,,,1.0,,,1.0
427,24.05.2018,,,,,1.0,,,1.0,1.0,,,,,,,1.0,1.0,,,,1.0,,1.0
428,25.05.2018,,,1.0,,1.0,,,,1.0,,,1.0,,1.0,1.0,1.0,1.0,1.0,1.0,1.0,1.0,,1.0
429,26.05.2018,,,,,,,,,,,,,,,,,,,,,,,
430,28.05.2018,,,,,,,,,,,,,,,,1.0,,,,1.0,,,
431,29.05.2018,,1.0,,1.0,1.0,,1.0,,,1.0,1.0,1.0,1.0,,,1.0,,1.0,1.0,1.0,,,
432,30.05.2018,1.0,1.0,1.0,1.0,1.0,,,1.0,,1.0,1.0,1.0,1.0,,,1.0,1.0,1.0,,1.0,1.0,1.0,1.0
433,31.05.2018,,,,1.0,,1.0,1.0,,1.0,1.0,1.0,1.0,,,1.0,,1.0,,1.0,,,,
434,01.06.2018,,1.0,1.0,,,,1.0,1.0,1.0,,1.0,,1.0,,,1.0,,1.0,1.0,1.0,1.0,,
435,02.06.2018,,,,,,,,,,,,,,,,,,,,,,,
436,04.06.2018,,,,,,,,1.0,1.0,1.0,1.0,1.0,,,,1.0,,1.0,,,,,
437,05.06.2018,1.0,1.0,1.0,,1.0,,,1.0,1.0,1.0,1.0,,,1.0,,,1.0,1.0,,1.0,1.0,1.0,
438,06.06.2018,1.0,1.0,,,1.0,,1.0,,1.0,1.0,,1.0,1.0,,,1.0,1.0,1.0,1.0,,,1.0,
439,07.06.2018,,1.0,1.0,,,1.0,,,1.0,1.0,1.0,,1.0,1.0,1.0,,1.0,1.0,1.0,,,1.0,
440,08.06.2018,,,1.0,,,1.0,,1.0,,,1.0,,,,,,,1.0,1.0,1.0,1.0,,
441,09.06.2018,,,,,,,,,,,,,,,,,,,,,,,
442,11.06.2018,,,1.0,,,1.0,1.0,,,,,1.0,,1.0,1.0,,1.0,,1.0,1.0,,,
443,12.06.2018,1.0,1.0,,1.0,,,1.0,1.0,1.0,1.0,,,,,,,1.0,1.0,,1.0,1.0,,
444,13.06.2018,,1.0,1.0,1.0,,,,1.0,,1.0,1.0,1.0,1.0,,,1.0,1.0,1.0,,,1.0,,1.0
445,14.06.2018,,,,,1.0,1.0,,,1.0,1.0,1.0,1.0,,1.0,,,,,,,,,1.0
446,15.06.2018,1.0,1.0,,,,,,1.0,,,1.0,,,,,,,,1.0,,1.0,,
447,16.06.2018,,,,,,,,,,,,,,,,,,,,,,,
448,18.06.2018,1.0,,,1.0,1.0,,,,,1.0,,,,,,,,1.0,1.0,,,,
449,19.06.2018,,,,,,,1.0,1.0,1.0,,,,1.0,,,,,,,,1.0,,
450,20.06.2018,1.0,1.0,1.0,,1.0,,1.0,,1.0,1.0,1.0,,1.0,,,,1.0,1.0,,,,,
451,21.06.2018,,1.0,,,1.0,,,1.0,,,1.0,,,,1.0,,,,,,,1.0,
452,22.06.2018,1.0,1.0,1.0,,1.0,1.0,1.0,,1.0,,,1.0,,1.0,1.0,,,,1.0,,,1.0,
453,23.06.2018,,,,,,,,,,,,,,,,,,,,,,,
454,25.06.2018,1.0,1.0,,,1.0,1.0,1.0,,1.0,,,1.0,,1.0,,1.0,1.0,,,1.0,,,1.0
455,26.06.2018,1.0,1.0,,,,,,1.0,,1.0,1.0,,,,1.0,,,1.0,,1.0,1.0,,1.0
456,27.06.2018,,,,,1.0,,,,1.0,1.0,,,,,1.0,,,1.0,1.0,,,1.0,
457,28.06.2018,,1.0,,,,,,1.0,,,,,,,,,1.0,,1.0,,1.0,1.0,
458,29.06.2018,,,1.0,,1.0,,,,1.0,1.0,1.0,,,,,,,,,1.0,,,1.0
459,30.06.2018,,,,,,,,,,,,,,,,,,,,,,,
460,02.07.2018,,,1.0,,,1.0,,1.0,,1.0,,,,,1.0,1.0,,1.0,,,,,
461,03.07.2018,,1.0,1.0,,,1.0,,,1.0,1.0,1.0,,1.0,,,,,1.0,,1.0,1.0,1.0,
462,04.07.2018,1.0,1.0,,,,,,,1.0,,1.0,,,,,,,1.0,,,,,
463,05.07.2018,,,,,,,1.0,1.0,,,1.0,1.0,,,,,,1.0,,,1.0,1.0,
464,06.07.2018,,,,,1.0,,,1.0,,1.0,1.0,,,,,,,1.0,1.0,1.0,,,
465,07.07.2018,,,,,,,,,,,,,,,,,,,,,,,
466,09.07.2018,,1.0,,,,,1.0,,,1.0,1.0,1.0,,,,,,1.0,1.0,1.0,,1.0,
467,10.07.2018,,1.0,,1.0,,,,,1.0,,,1.0,,,,1.0,1.0,,,,1.0,,
468,11.07.2018,,,,,,1.0,,1.0,,,,,,,,,,,,1.0,,,
469,12.07.2018,1.0,1.0,1.0,1.0,1.0,,,,1.0,1.0,1.0,1.0,,1.0,,1.0,1.0,,,1.0,,1.0,1.0
470,13.07.2018,,1.0,,,,,,1.0,,,,1.0,,1.0,1.0,1.0,1.0,,1.0,1.0,,1.0,1.0
471,14.07.2018,,,,,,,,,,,,,,,,,,,,,,,
472,16.07.2018,1.0,1.0,,1.0,,1.0,1.0,,1.0,,1.0,1.0,1.0,1.0,1.0,1.0,,,1.0,,,,1.0
473,17.07.2018,,,1.0,,1.0,,1.0,,1.0,,,,,,,,,,1.0,1.0,,1.0,
474,18.07.2018,,,1.0,,,1.0,1.0,,1.0,,1.0,1.0,,1.0,1.0,1.0,,,1.0,,,,
475,19.07.2018,1.0,,,1.0,,,1.0,,,,,,,1.0,,1.0,,1.0,,,,1.0,
476,20.07.2018,1.0,,1.0,1.0,,1.0,,1.0,1.0,1.0,,1.0,,1.0,,1.0,,,1.0,,,1.0,1.0
477,21.07.2018,,,,,,,,,,,,,,,,,,,,,,,
478,23.07.2018,,1.0,,1.0,1.0,,1.0,,1.0,1.0,,1.0,1.0,1.0,,,1.0,,,,1.0,1.0,1.0
479,24.07.2018,1.0,1.0,,1.0,,,1.0,,,,1.0,1.0,,,,,,1.0,,,,1.0,1.0
480,25.07.2018,1.0,,1.0,,1.0,1.0,1.0,,1.0,,1.0,,1.0,1.0,,1.0,1.0,1.0,1.0,,,,
481,26.07.2018,,1.0,,1.0,1.0,1.0,1.0,1.0,1.0,,,1.0,,1.0,,1.0,1.0,1.0,1.0,1.0,1.0,1.0,1.0
482,27.07.2018,1.0,1.0,,1.0,1.0,,,,,,1.0,,,,,,1.0,,1.0,,,,1.0
483,28.07.2018,,,,,,,,,,,,,,,,,,,,,,,
484,30.07.2018,,1.0,1.0,,1.0,1.0,,1.0,1.0,,,,,1.0,,,,1.0,,1.0,,,
485,31.07.2018,1.0,1.0,,,1.0,1.0,1.0,,1.0,,,1.0,1.0,1.0,1.0,1.0,,,,1.0,,1.0,
486,01.08.2018,,,,,,,,,1.0,1.0,,,,,1.0,,,,,1.0,,1.0,
487,02.08.2018,,,,,,,,,1.0,,1.0,,,,,,,,,1.0,,1.0,
488,03.08.2018,,,1.0,1.0,,,1.0,,,,,,,,,1.0,1.0,1.0,1.0,,,1.0,1.0
489,04.08.2018,,,,,,,,,,,,,,,,,,,,,,,
490,06.08.2018,,1.0,1.0,,1.0,1.0,,,1.0,,1.0,,,,,,1.0,,1.0,,,1.0,1.0
491,07.08.2018,,,1.0,1.0,1.0,,,,,,,,1.0,1.0,,1.0,1.0,,,1.0,1.0,1.0,1.0
492,08.08.2018,1.0,,,1.0,1.0,,,,,,,,,,1.0,,1.0,,,1.0,,,
493,09.08.2018,,,1.0,1.0,1.0,,,,,1.0,,,,,,,,1.0,1.0,,1.0,1.0,1.0
494,10.08.2018,1.0,,,,,,1.0,,,1.0,1.0,,,,,,,,1.0,,,,
495,11.08.2018,,,,,,,,,,,,,,,,,,,,,,,
496,13.08.2018,,,,,,1.0,,,,,,1.0,,,,,,1.0,,,,,
497,14.08.2018,,1.0,,,1.0,1.0,,1.0,1.0,1.0,1.0,,,1.0,1.0,,,,1.0,1.0,,,1.0
498,15.08.2018,,1.0,,,1.0,,1.0,,,1.0,1.0,1.0,1.0,1.0,1.0,,,,1.0,,,1.0,
499,16.08.2018,1.0,1.0,1.0,,,1.0,,1.0,1.0,1.0,1.0,,,1.0,1.0,1.0,,,1.0,1.0,,1.0,1.0
500,17.08.2018,,,,1.0,,,,,1.0,,1.0,,1.0,1.0,1.0,,,1.0,1.0,,,1.0,
501,18.08.2018,,,,,,,,,,,,,,,,,,,,,,,
502,20.08.2018,,,1.0,,,1.0,1.0,,1.0,,,,,,,,,,1.0,1.0,1.0,1.0,
503,21.08.2018,1.0,1.0,1.0,,,1.0,,,,,,,1.0,1.0,1.0,,,,1.0,,,,
504,22.08.2018,,1.0,1.0,,,,1.0,,,1.0,1.0,1.0,1.0,,,1.0,1.0,,,1.0,,,
505,23.08.2018,,1.0,1.0,,,1.0,,,,1.0,,,,1.0,,,,1.0,,1.0,1.0,1.0,
506,24.08.2018,1.0,1.0,1.0,1.0,,,1.0,,1.0,1.0,,1.0,,1.0,,1.0,1.0,1.0,,1.0,1.0,1.0,1.0
507,25.08.2018,,,,,,,,,,,,,,,,,,,,,,,
508,27.08.2018,,,1.0,,1.0,1.0,,,1.0,1.0,1.0,1.0,1.0,1.0,,,1.0,,,1.0,,1.0,
509,28.08.2018,1.0,1.0,,,,,1.0,,,,,1.0,,,,1.0,1.0,,1.0,1.0,,,
510,29.08.2018,,,1.0,1.0,1.0,1.0,,,,1.0,1.0,1.0,,1.0,1.0,1.0,,,,,1.0,,
511,30.08.2018,,,1.0,,,1.0,,1.0,,,,,,1.0,1.0,,,,1.0,1.0,1.0,1.0,
512,31.08.2018,1.0,,,,,1.0,,1.0,,,,,,,,,,,,1.0,,,
513,01.09.2018,,,,,,,,,,,,,,,,,,,,,,,
514,03.09.2018,1.0,1.0,,1.0,,,,,,,,1.0,,,,,,1.0,1.0,,,,1.0
515,04.09.2018,,,,,1.0,1.0,1.0,1.0,,,1.0,,1.0,,1.0,,,,1.0,,,,
516,05.09.2018,1.0,1.0,1.0,,1.0,,1.0,,1.0,1.0,1.0,,,1.0,,,1.0,1.0,,,,1.0,
517,06.09.2018,,1.0,1.0,,,1.0,,1.0,,,1.0,,,1.0,,,1.0,,,,,1.0,1.0
518,07.09.2018,1.0,1.0,,,1.0,1.0,1.0,1.0,,,1.0,,,,,,1.0,1.0,1.0,,,,1.0
519,08.09.2018,,,,,,,,,,,,,,,,,,,,,,,
520,10.09.2018,,1.0,1.0,,1.0,,,1.0,1.0,,,,,1.0,,,1.0,,1.0,,1.0,,
521,11.09.2018,,,,1.0,,,1.0,1.0,,,,,,1.0,,,1.0,1.0,,,,1.0,1.0
522,12.09.2018,,1.0,1.0,1.0,,1.0,,1.0,1.0,,,,,,,1.0,1.0,,1.0,,1.0,,
523,13.09.2018,,1.0,,,,1.0,1.0,1.0,1.0,,,1.0,,,1.0,1.0,,,1.0,1.0,,,
524,14.09.2018,1.0,1.0,1.0,1.0,,,,1.0,,,1.0,1.0,,1.0,,1.0,,,1.0,,,1.0,
525,15.09.2018,,,,,,,,,,,,,,,,,,,,,,,
526,17.09.2018,,,1.0,1.0,1.0,1.0,,1.0,,,,1.0,,1.0,,1.0,1.0,1.0,1.0,,1.0,1.0,1.0
527,18.09.2018,1.0,,,,1.0,,,1.0,1.0,1.0,,,1.0,,1.0,,,,1.0,1.0,,1.0,
528,19.09.2018,,,,,,1.0,1.0,1.0,,,,1.0,1.0,1.0,,1.0,,,1.0,1.0,1.0,,
529,20.09.2018,,,1.0,,1.0,1.0,,1.0,1.0,1.0,,1.0,,,,,,1.0,,1.0,,,
530,21.09.2018,,1.0,,1.0,,,,1.0,,1.0,1.0,,,,,1.0,1.0,,,1.0,1.0,1.0,
531,22.09.2018,,,,,,,,,,,,,,,,,,,,,,,
532,24.09.2018,,1.0,,,,,,1.0,,1.0,1.0,1.0,1.0,1.0,,,,1.0,1.0,1.0,1.0,,
533,25.09.2018,,,1.0,,,,,,1.0,,,,,1.0,,,,,,,1.0,,
534,26.09.2018,,,,,1.0,1.0,1.0,1.0,1.0,1.0,,1.0,,,,,1.0,,1.0,1.0,1.0,1.0,1.0
535,27.09.2018,,,,1.0,,,1.0,,,1.0,,1.0,1.0,,1.0,1.0,1.0,,1.0,,,,
536,28.09.2018,1.0,1.0,1.0,1.0,,1.0,,,1.0,,1.0,,,1.0,,,1.0,1.0,,,,,
537,29.09.2018,,,,,,,,,,,,,,,,,,,,,,,
538,01.10.2018,,1.0,,,,1.0,,1.0,1.0,,1.0,1.0,,,,1.0,,,,1.0,,,1.0
539,02.10.2018,1.0,,,1.0,1.0,1.0,1.0,1.0,,,1.0,1.0,,,,,1.0,,1.0,1.0,,1.0,
540,03.10.2018,1.0,1.0,,,,1.0,,1.0,,1.0,1.0,,,,,,,1.0,1.0,1.0,1.0,,
541,04.10.2018,,,,,,1.0,,1.0,,,,,,,,,,1.0,1.0,1.0,1.0,,
542,05.10.2018,,,,,,,1.0,,,,,,,,,,,1.0,1.0,1.0,1.0,,
543,06.10.2018,,,,,,,,,,,,,,,,,,,,,,,
544,08.10.2018,,1.0,1.0,1.0,1.0,1.0,1.0,1.0,1.0,1.0,1.0,1.0,1.0,,,1.0,1.0,,1.0,1.0,1.0,,
545,09.10.2018,,,,,,,1.0,,,,1.0,1.0,,,,1.0,1.0,,1.0,,,,
546,10.10.2018,,1.0,1.0,1.0,,1.0,1.0,1.0,,,,,,1.0,,1.0,,,1.0,,,1.0,
547,11.10.2018,,,1.0,,1.0,1.0,1.0,,1.0,,1.0,,,1.0,1.0,,,1.0,,,,1.0,1.0
548,12.10.2018,1.0,,,,1.0,,1.0,1.0,,1.0,,1.0,1.0,1.0,,1.0,1.0,1.0,1.0,,1.0,,
549,13.10.2018,,,,,,,,,,,,,,,,,,,,,,,
550,15.10.2018,1.0,,,,1.0,,1.0,1.0,,1.0,,,1.0,1.0,,1.0,1.0,,1.0,1.0,1.0,1.0,1.0
551,16.10.2018,,,,,1.0,,,1.0,,1.0,1.0,,,,,,,1.0,1.0,,,,
552,17.10.2018,,1.0,1.0,,,1.0,,,1.0,1.0,1.0,,,1.0,1.0,1.0,1.0,,1.0,1.0,,1.0,
553,18.10.2018,,1.0,1.0,,,,1.0,,,1.0,,1.0,,1.0,1.0,1.0,1.0,1.0,1.0,1.0,,,
554,19.10.2018,,1.0,1.0,,,1.0,,,,1.0,,,,1.0,1.0,1.0,1.0,,1.0,1.0,1.0,,1.0
555,20.10.2018,,,,,,,,,,,,,,,,,,,,,,,
556,22.10.2018,,,1.0,,,,,,,1.0,,,1.0,1.0,,1.0,1.0,1.0,,,,,1.0
557,23.10.2018,1.0,,,,,,,,,,,1.0,,,,,,1.0,1.0,,,,
558,24.10.2018,,,1.0,,,,1.0,,1.0,1.0,1.0,1.0,,1.0,,1.0,1.0,1.0,1.0,1.0,1.0,,
559,25.10.2018,,1.0,1.0,1.0,,1.0,1.0,1.0,,,,1.0,1.0,1.0,1.0,1.0,1.0,,1.0,1.0,,1.0,
560,26.10.2018,,1.0,1.0,,1.0,,1.0,1.0,1.0,,,1.0,1.0,1.0,,,1.0,,1.0,,,,
561,27.10.2018,,,,,,,,,,,,,,,,,,,,,,,
562,29.10.2018,1.0,,,,1.0,,,,1.0,,,1.0,,1.0,1.0,,1.0,,1.0,1.0,1.0,1.0,1.0
563,30.10.2018,,1.0,1.0,,,,,,1.0,,1.0,,,,,1.0,1.0,,,,,,
564,31.10.2018,,1.0,1.0,,1.0,,1.0,,1.0,1.0,1.0,1.0,,1.0,,1.0,1.0,1.0,,1.0,,1.0,
565,01.11.2018,1.0,,1.0,,,1.0,,1.0,,,,,,1.0,1.0,,,,,,,1.0,1.0
566,02.11.2018,1.0,,,,,,,1.0,,1.0,1.0,,,,,,,,1.0,,,,
567,03.11.2018,,,,,,,,,,,,,,,,,,,,,,,
568,05.11.2018,,1.0,1.0,,1.0,,1.0,1.0,1.0,1.0,,1.0,,1.0,,1.0,1.0,,,1.0,,1.0,
569,06.11.2018,1.0,,,,,1.0,1.0,,,,,1.0,,,,1.0,,1.0,1.0,,,,
570,07.11.2018,,,1.0,,1.0,,1.0,,1.0,,1.0,1.0,,1.0,1.0,,1.0,1.0,,,1.0,,1.0
571,08.11.2018,1.0,,,,,,,,1.0,1.0,1.0,,1.0,,,1.0,,1.0,,1.0,,,1.0
572,09.11.2018,,,1.0,1.0,1.0,,1.0,,1.0,1.0,,1.0,,1.0,,,,,,,,,
573,10.11.2018,,,,,,,,,,,,,,,,,,,,,,,
574,12.11.2018,,,,,1.0,1.0,1.0,,,,,,,1.0,,,,1.0,,,,,
575,13.11.2018,,1.0,1.0,1.0,,1.0,,1.0,1.0,1.0,1.0,,,1.0,1.0,1.0,1.0,,,,,1.0,
576,14.11.2018,,,,,,1.0,,,1.0,1.0,,1.0,,,1.0,,1.0,1.0,1.0,1.0,,,1.0
577,15.11.2018,1.0,1.0,,,,,1.0,1.0,,,,1.0,,,,,,,,,1.0,1.0,
578,16.11.2018,,,1.0,,1.0,1.0,1.0,1.0,1.0,,1.0,1.0,,1.0,,1.0,1.0,1.0,,1.0,,,
579,17.11.2018,,,,,,,,,,,,,,,,,,,,,,,
580,19.11.2018,,,,,,,,,,,1.0,,,,,,,,,,,,
581,20.11.2018,1.0,,,,,1.0,,1.0,,1.0,,1.0,1.0,1.0,,1.0,,,,1.0,1.0,,1.0
582,21.11.2018,,1.0,1.0,,1.0,1.0,,1.0,1.0,1.0,1.0,1.0,,1.0,1.0,1.0,1.0,1.0,,1.0,1.0,1.0,1.0
583,22.11.2018,,,1.0,,1.0,,,,1.0,1.0,1.0,1.0,,1.0,,,1.0,,1.0,1.0,,,
584,23.11.2018,,1.0,,,,1.0,1.0,1.0,,,,,,,,,,,,1.0,1.0,1.0,
585,24.11.2018,,,,,,,,,,,,,,,,,,,,,,,
586,26.11.2018,,1.0,1.0,1.0,,1.0,,1.0,,1.0,1.0,1.0,,1.0,1.0,1.0,1.0,1.0,,,1.0,,1.0
587,27.11.2018,,1.0,,1.0,1.0,1.0,,,1.0,1.0,1.0,,1.0,1.0,,,1.0,,,,,,
588,28.11.2018,,1.0,,,,1.0,,1.0,,1.0,1.0,,,,,,,,,1.0,1.0,,1.0
589,29.11.2018,1.0,,1.0,,1.0,,1.0,,1.0,,1.0,,1.0,,,1.0,,1.0,,,,1.0,
590,30.11.2018,1.0,1.0,1.0,,1.0,,1.0,1.0,,1.0,1.0,,,1.0,,1.0,1.0,,1.0,1.0,1.0,,1.0
591,01.12.2018,,,,,,,,,,,,,,,,,,,,,,,
592,03.12.2018,,1.0,,,,,,,,,,,,,,,,1.0,,1.0,,,
593,04.12.2018,,1.0,,1.0,1.0,,,1.0,1.0,,,,,1.0,,,,,,1.0,,,
594,05.12.2018,,,,,,1.0,1.0,1.0,,1.0,,,,1.0,,1.0,,,1.0,,,,
595,06.12.2018,,,,,,,,,,,1.0,,,,,,,,,,,,
596,07.12.2018,,,,,,1.0,1.0,,,1.0,,1.0,,1.0,,1.0,,1.0,1.0,1.0,,1.0,
597,08.12.2018,,,,,,,,,,,,,,,,,,,,,,,
598,10.12.2018,,1.0,1.0,,,,,,1.0,,,,,1.0,,1.0,1.0,,,1.0,,,
599,11.12.2018,1.0,,1.0,,1.0,,,,1.0,1.0,1.0,,,1.0,,,1.0,,,1.0,1.0,,
600,12.12.2018,,1.0,,,1.0,1.0,1.0,1.0,,1.0,1.0,1.0,,1.0,,1.0,,,1.0,1.0,1.0,,
601,13.12.2018,,,,,,,,,,,,,,,,,,,,,,,
602,14.12.2018,,,,,,,,,,,,,,,,,,,,,,,
603,15.12.2018,,,,,,,,,,,,,,,,,,,,,,,
604,17.12.2018,,,,,,,,,,,,,,,,,,,,,,,
605,18.12.2018,,,,,,,,,,,,,,,,,,,,,,,
606,19.12.2018,,,,,,,,,,,,,,,,,,,,,,,
607,20.12.2018,,,,,,,,,,,,,,,,,,,,,,,
608,21.12.2018,,,,,,,,,,,,,,,,,,,,,,,
609,22.12.2018,,,,,,,,,,,,,,,,,,,,,,,
610,24.12.2018,,,,,,,,,,,,,,,,,,,,,,,
611,25.12.2018,,,,,,,,,,,,,,,,,,,,,,,
612,26.12.2018,,,,,,,,,,,,,,,,,,,,,,,
613,27.12.2018,,,,,,,,,,,,,,,,,,,,,,,
614,28.12.2018,,,,,,,,,,,,,,,,,,,,,,,
615,29.12.2018,,,,,,,,,,,,,,,,,,,,,,,
616,31.12.2018,,,,,,,,,,,,,,,,,,,,,,,
617,01.01.2019,,,,,,,,,,,,,,,,,,,,,,,
618,02.01.2019,,,,,,,,,,,,,,,,,,,,,,,
619,03.01.2019,1.0,1.0,,,,,,1.0,1.0,1.0,,1.0,,,,,1.0,,,,,1.0,
620,04.01.2019,1.0,,1.0,,,1.0,,1.0,1.0,,1.0,1.0,,1.0,1.0,,,1.0,1.0,,1.0,,
621,05.01.2019,,,,,,,,,,,,,,,,,,,,,,,
622,07.01.2019,,1.0,,,1.0,1.0,1.0,1.0,,,,1.0,,,,,,,1.0,,,,
623,08.01.2019,,,1.0,,1.0,1.0,1.0,,1.0,,1.0,,,1.0,1.0,1.0,1.0,1.0,1.0,1.0,1.0,,
624,09.01.2019,1.0,1.0,1.0,,,,,1.0,1.0,,1.0,,,,1.0,,,1.0,,,1.0,,
625,10.01.2019,1.0,,,,,1.0,,1.0,,1.0,,1.0,,1.0,1.0,1.0,1.0,1.0,,1.0,1.0,1.0,
626,11.01.2019,1.0,1.0,,,,1.0,,1.0,,,,,,,,,,1.0,1.0,,,1.0,
627,12.01.2019,,,,,,,,,,,,,,,,,,,,,,,
628,14.01.2019,,,,,1.0,,1.0,,,,1.0,,,,1.0,1.0,1.0,,,1.0,,,
629,15.01.2019,,,,,,1.0,1.0,1.0,,,,1.0,,,,,,1.0,,1.0,,,
630,16.01.2019,,,1.0,,,1.0,,,,1.0,1.0,1.0,,1.0,,1.0,1.0,,,,,,
631,17.01.2019,,,,1.0,,1.0,,,,,,,,,,,,,1.0,1.0,,1.0,
632,18.01.2019,,1.0,,1.0,1.0,,,,1.0,,1.0,1.0,,1.0,,1.0,,,,1.0,,1.0,
633,19.01.2019,,,,,,,,,,,,,,,,,,,,,,,
634,21.01.2019,1.0,1.0,1.0,,,1.0,,,1.0,,1.0,1.0,,,,,,,,,,1.0,
635,22.01.2019,1.0,1.0,,,,,,,,,1.0,,,,,,,,,1.0,1.0,,
636,23.01.2019,,,1.0,,1.0,,,,1.0,1.0,1.0,1.0,,,,,1.0,,1.0,,1.0,1.0,
637,24.01.2019,,,,,1.0,1.0,1.0,1.0,1.0,1.0,1.0,,1.0,1.0,,1.0,,1.0,1.0,1.0,1.0,1.0,1.0
638,25.01.2019,,1.0,,1.0,1.0,,,1.0,1.0,1.0,,1.0,1.0,1.0,,1.0,1.0,1.0,,1.0,1.0,1.0,
639,26.01.2019,,,,,,,,,,,,,,,,,,,,,,,
640,28.01.2019,1.0,,,1.0,,1.0,,,,1.0,1.0,,,,1.0,,,,,1.0,,1.0,
641,29.01.2019,,,,,,,1.0,,1.0,1.0,,,,,,1.0,,1.0,1.0,,,,
642,30.01.2019,,,1.0,,1.0,,,1.0,,,,,1.0,1.0,,,1.0,,1.0,1.0,,1.0,
643,31.01.2019,,1.0,1.0,,,1.0,1.0,1.0,,1.0,1.0,,,1.0,,,,,,,1.0,,
644,01.02.2019,1.0,1.0,1.0,,1.0,,1.0,,1.0,1.0,1.0,1.0,1.0,1.0,1.0,1.0,1.0,1.0,1.0,,1.0,1.0,
645,02.02.2019,,,,,,,,,,,,,,,,,,,,,,,
646,04.02.2019,,,1.0,,,,1.0,,,,1.0,1.0,,,,,,,,,1.0,1.0,
647,05.02.2019,1.0,,,1.0,1.0,1.0,1.0,1.0,1.0,1.0,1.0,1.0,1.0,,,1.0,1.0,,,,,,
648,06.02.2019,,,1.0,,1.0,,1.0,,1.0,,1.0,1.0,1.0,1.0,1.0,1.0,1.0,,1.0,,,,1.0
649,07.02.2019,1.0,,,,,,,,,,1.0,,1.0,,,,,1.0,1.0,,,,
650,08.02.2019,1.0,,,,,,1.0,,,1.0,1.0,1.0,1.0,,,1.0,,1.0,,1.0,,1.0,
651,09.02.2019,,,,,,,,,,,,,,,,,,,,,,,
652,11.02.2019,,1.0,,,,,,,,,1.0,,,,,,,1.0,,,,1.0,1.0
653,12.02.2019,1.0,,,,,,1.0,,1.0,,,1.0,,,,,1.0,,,1.0,1.0,1.0,1.0
654,13.02.2019,1.0,1.0,,,,,,1.0,,,,1.0,,,,,,1.0,,,1.0,,1.0
655,14.02.2019,,,,,,1.0,,1.0,,,1.0,,,,,,1.0,1.0,1.0,,1.0,1.0,
656,15.02.2019,,,,,,,,1.0,1.0,1.0,1.0,,,,,,,1.0,,1.0,1.0,1.0,
657,16.02.2019,,,,,,,,,,,,,,,,,,,,,,,
658,18.02.2019,,,,,1.0,,1.0,1.0,,,,1.0,1.0,1.0,,,,,,,1.0,,
659,19.02.2019,,1.0,1.0,1.0,,1.0,1.0,1.0,,1.0,1.0,,,,,,,1.0,1.0,1.0,1.0,1.0,
660,20.02.2019,1.0,,,,1.0,,,,,,1.0,,,,,1.0,1.0,,1.0,1.0,,,
661,21.02.2019,,1.0,,,1.0,1.0,,1.0,,1.0,,,,,1.0,,1.0,,1.0,,,1.0,1.0
662,22.02.2019,1.0,,1.0,,1.0,1.0,,,1.0,1.0,,,,,,,1.0,1.0,1.0,,,1.0,
663,23.02.2019,,,,,,,,,,,,,,,,,,,,,,,
664,25.02.2019,,1.0,,,,1.0,,,,1.0,,,,,,,,,1.0,,,1.0,
665,26.02.2019,,,1.0,1.0,1.0,1.0,1.0,,,,,,,1.0,1.0,,1.0,,1.0,,,,
666,27.02.2019,,1.0,,1.0,1.0,,,,,1.0,1.0,1.0,,,1.0,1.0,1.0,,,1.0,,,1.0
667,28.02.2019,,,,,,1.0,,1.0,,1.0,,,,,,,,,,1.0,1.0,1.0,
668,01.03.2019,,1.0,,1.0,1.0,,1.0,,1.0,1.0,1.0,,1.0,,,,1.0,1.0,,,,,
669,02.03.2019,,,,,,,,,,,,,,,,,,,,,,,
670,04.03.2019,,1.0,,,1.0,1.0,,,1.0,,,1.0,,,,1.0,1.0,,1.0,,,,
671,05.03.2019,1.0,1.0,1.0,,1.0,1.0,1.0,,1.0,1.0,,1.0,,1.0,,,1.0,1.0,,1.0,,,
672,06.03.2019,,,1.0,,1.0,,,1.0,,1.0,,,,,,,,,1.0,,,,
673,07.03.2019,,1.0,1.0,,1.0,,1.0,1.0,1.0,1.0,1.0,1.0,,1.0,,1.0,,,,,,1.0,
674,08.03.2019,,,,,,,,1.0,1.0,1.0,,,1.0,,,1.0,1.0,1.0,,1.0,1.0,1.0,1.0
675,09.03.2019,,,,,,,,,,,,,,,,,,,,,,,
676,11.03.2019,,,,,1.0,1.0,1.0,,,,,1.0,,,,,,1.0,,,,,
677,12.03.2019,,,,,1.0,,1.0,,,,,,,,,,,1.0,,,,,
678,13.03.2019,,1.0,,,,1.0,1.0,,,1.0,1.0,1.0,,,,,,,1.0,1.0,,,
679,14.03.2019,,,1.0,,,,,,1.0,1.0,,1.0,,1.0,,,1.0,,1.0,,1.0,1.0,
680,15.03.2019,,1.0,,,1.0,,,,,,,,,,,,,,,,1.0,,1.0
681,16.03.2019,,,,,,,,,,,,,,,,,,,,,,,
682,18.03.2019,,,,,,1.0,,,1.0,1.0,1.0,1.0,,,,,,,1.0,1.0,,1.0,
683,19.03.2019,1.0,,1.0,,1.0,,1.0,,1.0,1.0,1.0,1.0,1.0,,,,,,,1.0,,,
684,20.03.2019,,,,1.0,,,,,,1.0,,,1.0,,,1.0,,1.0,1.0,1.0,,,1.0
685,21.03.2019,,,1.0,,,,,1.0,,1.0,1.0,,,1.0,,1.0,1.0,1.0,,,1.0,1.0,1.0
686,22.03.2019,,,1.0,,1.0,,,,,1.0,1.0,1.0,,,,1.0,,1.0,1.0,,,,
687,23.03.2019,,,,,,,,,,,,,,,,,,,,,,,
688,25.03.2019,,1.0,,,1.0,,,,1.0,1.0,1.0,1.0,,1.0,1.0,,1.0,1.0,,1.0,1.0,1.0,1.0
689,26.03.2019,1.0,1.0,,,,,,,,,,,,,,,,1.0,,,1.0,,
690,27.03.2019,,,,,1.0,1.0,1.0,1.0,1.0,,1.0,1.0,,1.0,,,1.0,,1.0,1.0,,1.0,
691,28.03.2019,,,,,,,,,1.0,1.0,,1.0,1.0,,,,1.0,,,,,,
692,29.03.2019,1.0,1.0,,,,1.0,1.0,,1.0,1.0,1.0,1.0,,1.0,,1.0,1.0,,,,,1.0,
693,30.03.2019,,,,,,,,,,,,,,,,,,,,,,,
694,01.04.2019,,,,,,,,,1.0,1.0,1.0,,,,,,,,,1.0,,,
695,02.04.2019,,1.0,1.0,1.0,,1.0,1.0,,,,,,,,,,1.0,1.0,,,,1.0,
696,03.04.2019,,1.0,1.0,,1.0,1.0,1.0,1.0,1.0,1.0,,1.0,1.0,1.0,1.0,1.0,1.0,,1.0,,1.0,1.0,1.0
697,04.04.2019,,,,,,1.0,,,1.0,,1.0,,1.0,1.0,,1.0,,,1.0,1.0,,,
698,05.04.2019,,,,,,,1.0,,,1.0,1.0,1.0,,,,,1.0,,,1.0,,,
699,06.04.2019,,,,,,,,,,,,,,,,,,,,,,,
700,08.04.2019,,1.0,,,,1.0,,1.0,1.0,1.0,1.0,,,,,1.0,1.0,1.0,1.0,1.0,1.0,1.0,
701,09.04.2019,,,1.0,,1.0,1.0,1.0,,1.0,1.0,,,,,,,,1.0,,,,,
702,10.04.2019,1.0,,,1.0,,1.0,,,,,,1.0,,1.0,,,1.0,,,1.0,1.0,,
703,11.04.2019,,,1.0,1.0,,1.0,1.0,1.0,1.0,,1.0,,,1.0,,1.0,,,1.0,,,1.0,1.0
704,12.04.2019,1.0,1.0,1.0,1.0,1.0,,1.0,,1.0,1.0,1.0,1.0,,,,1.0,1.0,1.0,,1.0,,1.0,1.0
705,13.04.2019,,,,,,,,,,,,,,,,,,,,,,,
706,15.04.2019,,,1.0,,1.0,,,,,,,1.0,,,,,,,,,,,
707,16.04.2019,,,1.0,,,1.0,,,,,,,,1.0,1.0,1.0,1.0,,1.0,1.0,,,
708,17.04.2019,,,,,,1.0,,,,1.0,,,,,,,,,,1.0,,,1.0
709,18.04.2019,,,1.0,,1.0,1.0,,1.0,1.0,1.0,1.0,,,,,,1.0,,,,1.0,,1.0
710,19.04.2019,,,,,1.0,,,,1.0,1.0,1.0,,,,,,,,,1.0,,,
711,20.04.2019,,,,,,,,,,,,,,,,,,,,,,,
712,22.04.2019,,,,,,,,,1.0,,,,,,,,,,,1.0,,,
713,23.04.2019,,,,,,1.0,,1.0,,1.0,,1.0,,,,,,,1.0,1.0,1.0,1.0,
714,24.04.2019,,,,,,,,,,,1.0,,1.0,,,,,1.0,,,,,
715,25.04.2019,,,,,1.0,,1.0,,,1.0,1.0,1.0,1.0,,,1.0,,,1.0,,,,
716,26.04.2019,,1.0,,,,1.0,,,,1.0,1.0,,,,1.0,,,1.0,1.0,1.0,1.0,,1.0
717,27.04.2019,,,,,,,,,,,,,,,,,,,,,,,
718,29.04.2019,,,,,,,,,,1.0,,,,,,,,1.0,1.0,,,,
719,30.04.2019,,,1.0,,1.0,1.0,,,1.0,,,,1.0,1.0,1.0,,1.0,,1.0,,,1.0,
720,01.05.2019,,1.0,1.0,,,,,,,,,,,,,,,,,,,1.0,
721,02.05.2019,,1.0,,,1.0,,1.0,,1.0,1.0,,1.0,,,,,,1.0,,,,,
722,03.05.2019,,,,,1.0,,1.0,,,1.0,1.0,,,,,1.0,1.0,,,,,1.0,1.0
723,04.05.2019,,,,,,,,,,,,,,,,,,,,,,,
724,06.05.2019,,1.0,,,,,,,1.0,,,1.0,1.0,,,,,1.0,,,,,
725,07.05.2019,,,1.0,1.0,1.0,,,1.0,1.0,,1.0,1.0,,,,1.0,1.0,,,1.0,,1.0,1.0
726,08.05.2019,,,,1.0,1.0,,,,,,,1.0,1.0,,,,1.0,1.0,,,,1.0,
727,09.05.2019,,1.0,,,,,1.0,1.0,1.0,1.0,1.0,,,,,1.0,,1.0,,1.0,,,1.0
728,10.05.2019,,,1.0,,,1.0,1.0,,,,,,1.0,1.0,1.0,,,,1.0,1.0,,,
729,11.05.2019,,,,,,,,,,,,,,,,,,,,,,,
730,13.05.2019,,,,1.0,,,,,,1.0,,,,,,,,,,1.0,,,
731,14.05.2019,,1.0,1.0,,1.0,1.0,1.0,1.0,1.0,1.0,,,,1.0,1.0,1.0,,1.0,1.0,,,1.0,
732,15.05.2019,,1.0,1.0,,,1.0,,,,1.0,,,,1.0,1.0,1.0,,1.0,1.0,1.0,,1.0,
733,16.05.2019,,,,,,,,,,,,1.0,,1.0,,,,1.0,1.0,,,,1.0
734,17.05.2019,,,1.0,1.0,,1.0,,,1.0,,,1.0,,,,,,1.0,,,,,
735,18.05.2019,,,,,,,,,,,,,,,,,,,,,,,
736,20.05.2019,,,,,,,,,,1.0,,,,,,,,1.0,,,,,
737,21.05.2019,,1.0,,,,1.0,,,,,1.0,1.0,1.0,1.0,,1.0,1.0,1.0,1.0,1.0,,,1.0
738,22.05.2019,,1.0,1.0,,,1.0,,1.0,,,,,,,1.0,,,1.0,1.0,,,,
739,23.05.2019,,,,,,,,,,,,,,,,1.0,,,,,,,
740,24.05.2019,,,,,,1.0,1.0,1.0,1.0,,1.0,1.0,,1.0,1.0,,,,1.0,1.0,,1.0,1.0
741,25.05.2019,,,,,,,,,,,,,,,,,,,,,,,
742,27.05.2019,,,,,,,,,,1.0,,1.0,,,,,,1.0,,1.0,,,
743,28.05.2019,,,,,,1.0,,,,,1.0,,1.0,,1.0,,,,1.0,1.0,,,
744,29.05.2019,,1.0,,,,,1.0,,,,1.0,1.0,1.0,,,,1.0,,,,,,
745,30.05.2019,,1.0,,1.0,,1.0,1.0,,,,1.0,1.0,,1.0,,1.0,,,,,,1.0,
746,31.05.2019,,,,,,1.0,1.0,1.0,1.0,1.0,,,,,,1.0,1.0,,,1.0,1.0,1.0,
747,01.06.2019,,,,,,,,,,,,,,,,,,,,,,,
748,03.06.2019,,1.0,1.0,,,1.0,1.0,1.0,,1.0,,,,1.0,1.0,,,,,,,1.0,
749,04.06.2019,1.0,1.0,1.0,1.0,,,,,1.0,,1.0,1.0,,,1.0,1.0,1.0,,,,,,1.0
750,05.06.2019,1.0,,,1.0,1.0,,,,,,1.0,1.0,1.0,,,,1.0,,1.0,,,,
751,06.06.2019,,1.0,,,,1.0,1.0,1.0,1.0,1.0,1.0,,,,,,1.0,1.0,,1.0,1.0,1.0,
752,07.06.2019,1.0,,1.0,1.0,,,1.0,,1.0,1.0,1.0,1.0,,,1.0,,,1.0,1.0,,,,1.0
753,08.06.2019,,,,,,,,,,,,,,,,,,,,,,,
754,10.06.2019,1.0,,1.0,,,,1.0,,1.0,,1.0,1.0,,1.0,,,,,,,,,
755,11.06.2019,,,1.0,,,,,,,,1.0,,,,1.0,,,,,1.0,,,1.0
756,12.06.2019,1.0,,1.0,,,1.0,,,,,,,,,1.0,,1.0,1.0,1.0,,1.0,,1.0
757,13.06.2019,,,,,,,1.0,,,,1.0,,1.0,,,,,1.0,,,,,
758,14.06.2019,,1.0,,,,,,,,,,,,,,,,1.0,1.0,,,1.0,1.0
759,15.06.2019,,,,,,,,,,,,,,,,,,,,,,,
760,17.06.2019,1.0,1.0,,,,1.0,1.0,1.0,1.0,,1.0,,,,,,,1.0,,,1.0,,
761,18.06.2019,,1.0,,,,1.0,,,1.0,,,,,1.0,1.0,,,1.0,,,1.0,1.0,
762,19.06.2019,,,1.0,1.0,1.0,,1.0,,1.0,,,1.0,1.0,,,1.0,1.0,1.0,,,,,
763,20.06.2019,,,,,,,1.0,,,1.0,1.0,1.0,,1.0,,,,,,,,,
764,21.06.2019,,1.0,,,,,,,,1.0,1.0,,1.0,,1.0,,1.0,1.0,,,,,
765,22.06.2019,,,,,,,,,,,,,,,,,,,,,,,
766,24.06.2019,,1.0,,,,,1.0,,,,1.0,,,,,,,1.0,,,,,
767,25.06.2019,,1.0,1.0,,1.0,1.0,,1.0,1.0,1.0,,,,,1.0,,1.0,,,1.0,1.0,,
768,26.06.2019,1.0,,1.0,,,1.0,1.0,,,,1.0,1.0,,,1.0,,1.0,,1.0,,,,
769,27.06.2019,,,,,,,,,,,,1.0,,,,,,,,,,,
770,28.06.2019,,,1.0,,1.0,1.0,1.0,,1.0,1.0,,,,1.0,,,,,,1.0,,,
771,29.06.2019,,,,,,,,,,,,,,,,,,,,,,,
772,01.07.2019,,,,,1.0,,,,1.0,1.0,,1.0,,,,1.0,1.0,,,1.0,,1.0,1.0
773,02.07.2019,1.0,,1.0,,1.0,,1.0,1.0,1.0,,1.0,1.0,,,1.0,,1.0,1.0,1.0,,1.0,1.0,
774,03.07.2019,,,1.0,,,,1.0,,1.0,,,,1.0,,,,,,,,,,
775,04.07.2019,,,1.0,,1.0,,1.0,,,,,1.0,1.0,1.0,,1.0,,1.0,,,,,
776,05.07.2019,,1.0,1.0,,1.0,,,1.0,1.0,1.0,1.0,,,,,,,1.0,1.0,1.0,1.0,1.0,1.0
777,06.07.2019,,,,,,,,,,,,,,,,,,,,,,,
778,08.07.2019,,,1.0,,1.0,1.0,1.0,,1.0,,,1.0,,,,,,1.0,1.0,,,,
779,09.07.2019,,1.0,1.0,,1.0,,,,,1.0,1.0,,,1.0,,,,1.0,,,,,
780,10.07.2019,1.0,,1.0,,,,,,,1.0,,1.0,1.0,,,1.0,1.0,,1.0,1.0,1.0,1.0,1.0
781,11.07.2019,,,,,1.0,1.0,,,1.0,1.0,1.0,,,,,,,,,,,,
782,12.07.2019,,1.0,,,,1.0,,1.0,,,1.0,,,,1.0,,,1.0,1.0,,,,1.0
783,13.07.2019,,,,,,,,,,,,,,,,,,,,,,,
784,15.07.2019,1.0,,,,,1.0,,,,1.0,,,,1.0,,,,,1.0,1.0,,,
785,16.07.2019,,,1.0,,,1.0,,,,,,,1.0,,,,1.0,,,,,1.0,
786,17.07.2019,,1.0,,,1.0,,,1.0,,,,,,,1.0,1.0,,,1.0,,,1.0,
787,18.07.2019,1.0,1.0,,,,,1.0,,1.0,1.0,,,,1.0,,,1.0,1.0,,,,1.0,1.0
788,19.07.2019,1.0,,,1.0,,1.0,,,1.0,1.0,1.0,1.0,,,,1.0,1.0,,,1.0,,1.0,1.0
789,20.07.2019,,,,,,,,,,,,,,,,,,,,,,,
790,22.07.2019,,,1.0,,1.0,1.0,,,,,,,1.0,,,1.0,,,,,,,
791,23.07.2019,1.0,,,,,1.0,1.0,,,1.0,,1.0,,1.0,,,,,,,,,
792,24.07.2019,,,,,,,,,,1.0,,,,,,1.0,,,1.0,1.0,,,1.0
793,25.07.2019,1.0,1.0,,,,,1.0,,1.0,1.0,,,,,,1.0,,1.0,1.0,1.0,,1.0,1.0
794,26.07.2019,,,1.0,,,1.0,,,,,1.0,,,,,,,,,,1.0,,
795,27.07.2019,,,,,,,,,,,,,,,,,,,,,,,
796,29.07.2019,,1.0,,,,1.0,,1.0,,,,,,,,,,,,,,,
797,30.07.2019,,,,,1.0,1.0,,,,,,,,1.0,1.0,,,,1.0,,,1.0,
798,31.07.2019,1.0,,1.0,,1.0,,,1.0,,,1.0,1.0,,,,,1.0,,,1.0,1.0,,1.0
799,01.08.2019,1.0,,1.0,,,1.0,,,1.0,1.0,1.0,1.0,,1.0,,,1.0,,,,,,1.0
800,02.08.2019,1.0,,,,1.0,,,1.0,1.0,,,,1.0,,,,,,1.0,,,,1.0
801,03.08.2019,,,,,,,,,,,,,,,,,,,,,,,
802,05.08.2019,1.0,,,,,,,,,,,,,,,,,,,,,1.0,1.0
803,06.08.2019,1.0,1.0,1.0,,1.0,,1.0,1.0,1.0,,1.0,,1.0,,1.0,1.0,,1.0,1.0,1.0,1.0,1.0,1.0
804,07.08.2019,,,1.0,,,,,1.0,1.0,,1.0,,1.0,1.0,,,,1.0,,,1.0,,1.0
805,08.08.2019,,1.0,,,,,,,1.0,,1.0,1.0,1.0,1.0,,1.0,1.0,,,1.0,1.0,1.0,
806,09.08.2019,,,1.0,,1.0,,1.0,,1.0,,,,1.0,1.0,,,,,,,,1.0,1.0
807,10.08.2019,,,,,,,,,,,,,,,,,,,,,,,
808,12.08.2019,,,,,,,1.0,,1.0,1.0,1.0,1.0,,,,,,1.0,,1.0,1.0,1.0,
809,13.08.2019,1.0,,1.0,,1.0,,1.0,1.0,1.0,1.0,,1.0,,1.0,,,1.0,1.0,1.0,1.0,1.0,,1.0
810,14.08.2019,,1.0,,1.0,1.0,,,,1.0,,1.0,,,1.0,,1.0,1.0,1.0,,1.0,,1.0,1.0
811,15.08.2019,1.0,1.0,1.0,,1.0,1.0,1.0,1.0,1.0,,1.0,,,1.0,1.0,1.0,1.0,1.0,1.0,1.0,,,
812,16.08.2019,,,,1.0,,,1.0,,,,,,1.0,1.0,,,,,,,,,
813,17.08.2019,,,,,,,,,,,,,,,,,,,,,,,
814,19.08.2019,,,,,,,,,1.0,,1.0,1.0,,,,,,,,,,1.0,
815,20.08.2019,,1.0,1.0,,,1.0,,,,1.0,1.0,1.0,,,1.0,1.0,1.0,,1.0,,,,
816,21.08.2019,,1.0,1.0,,1.0,1.0,1.0,1.0,1.0,,,1.0,,1.0,1.0,1.0,,1.0,,1.0,,,
817,22.08.2019,,,1.0,,1.0,1.0,,1.0,1.0,1.0,1.0,,,1.0,1.0,,1.0,,1.0,1.0,,,1.0
818,23.08.2019,,,1.0,,1.0,,,,1.0,1.0,1.0,,,,,,,,1.0,1.0,1.0,,
819,24.08.2019,,,,,,,,,,,,,,,,,,,,,,,
820,26.08.2019,1.0,1.0,,,,,,,,1.0,,,,,,,1.0,1.0,,,1.0,,
821,27.08.2019,,,,,1.0,,1.0,,1.0,1.0,,,,,,,1.0,,,1.0,,1.0,
822,28.08.2019,,,1.0,,1.0,,,,1.0,1.0,1.0,1.0,,,1.0,,,,1.0,,,,
823,29.08.2019,,1.0,1.0,,,1.0,,,,,,1.0,,,1.0,,1.0,,1.0,,,1.0,
824,30.08.2019,,1.0,1.0,,,1.0,,,,1.0,,,,1.0,,,,,1.0,,,,
825,31.08.2019,,,,,,,,,,,,,,,,,,,,,,,
826,02.09.2019,1.0,,,,1.0,,1.0,,1.0,,,,,,,,,,,,,,
827,03.09.2019,1.0,,,,1.0,,1.0,,1.0,,,1.0,,,,1.0,1.0,,1.0,,,,
828,04.09.2019,,1.0,,,,1.0,1.0,,,,1.0,1.0,1.0,,1.0,,,1.0,1.0,,,1.0,
829,05.09.2019,,1.0,,,1.0,,1.0,,1.0,1.0,,1.0,1.0,,,,,1.0,,1.0,,,
830,06.09.2019,1.0,,,,,,,,1.0,1.0,,1.0,,,,,,,1.0,1.0,,1.0,
831,07.09.2019,,,,,,,,,,,,,,,,,,,,,,,
832,09.09.2019,1.0,,1.0,,,1.0,,,1.0,,1.0,,,,,,,,,,1.0,,
833,10.09.2019,,1.0,,,1.0,,1.0,,1.0,,,1.0,,,,1.0,,1.0,,,,,
834,11.09.2019,,,,,,1.0,,,,1.0,,,,,,,1.0,1.0,,1.0,,1.0,
835,12.09.2019,,1.0,,,,1.0,,,,1.0,1.0,,,,,1.0,,1.0,,,1.0,,
836,13.09.2019,,1.0,,,,,,,,,1.0,,,1.0,,,,,1.0,,,,
837,14.09.2019,,,,,,,,,,,,,,,,,,,,,,,
838,16.09.2019,,,,,1.0,,1.0,,1.0,,,,,,,,1.0,1.0,,1.0,1.0,,1.0
839,17.09.2019,1.0,1.0,,,1.0,1.0,1.0,1.0,1.0,,,1.0,,,,,,1.0,,,1.0,1.0,
840,18.09.2019,,,,,,1.0,,1.0,,1.0,1.0,,1.0,1.0,,1.0,1.0,,1.0,1.0,1.0,,1.0
841,19.09.2019,1.0,1.0,,,,,,1.0,,1.0,1.0,,,,,,,1.0,1.0,1.0,1.0,1.0,
842,20.09.2019,1.0,,,,,,,1.0,,,1.0,,,,,,,,,,1.0,1.0,
843,21.09.2019,,,,,,,,,,,,,,,,,,,,,,,
844,23.09.2019,1.0,,,,,,,,1.0,1.0,1.0,,,1.0,,1.0,,,,,,,1.0
845,24.09.2019,1.0,,,,,1.0,,,1.0,,1.0,,,,,,,1.0,1.0,,,1.0,1.0
846,25.09.2019,,,1.0,,,,1.0,,1.0,1.0,1.0,1.0,,,1.0,,1.0,1.0,1.0,,,1.0,1.0
847,26.09.2019,1.0,,1.0,,,,1.0,1.0,1.0,1.0,1.0,,1.0,1.0,,,1.0,,,,,,
848,27.09.2019,1.0,,1.0,,,1.0,,,,1.0,1.0,1.0,,1.0,1.0,1.0,1.0,1.0,,,1.0,,
849,28.09.2019,,,,,,,,,,,,,,,,,,,,,,,
850,30.09.2019,,1.0,1.0,,1.0,1.0,,1.0,1.0,1.0,1.0,,,,,,1.0,1.0,1.0,1.0,1.0,,
851,01.10.2019,1.0,,1.0,,,1.0,,1.0,,1.0,,,,,1.0,,1.0,,,1.0,1.0,1.0,
852,02.10.2019,,1.0,1.0,,1.0,,1.0,,,,1.0,,1.0,1.0,,,,1.0,,,,1.0,
853,03.10.2019,1.0,,,,1.0,,1.0,1.0,,1.0,,1.0,,1.0,,,,,,,,,
854,04.10.2019,1.0,,,,,1.0,,,,,,,,,1.0,,,,1.0,,,1.0,
855,05.10.2019,,,,,,,,,,,,,,,,,,,,,,,
856,07.10.2019,,,,,,,1.0,,1.0,,,,1.0,,,1.0,,,1.0,1.0,,,
857,08.10.2019,,,1.0,,1.0,,1.0,,1.0,,1.0,1.0,1.0,1.0,1.0,1.0,1.0,,,,,1.0,1.0
858,09.10.2019,,1.0,1.0,1.0,,1.0,,,,,1.0,,,,1.0,,1.0,1.0,1.0,,1.0,,1.0
859,10.10.2019,,,,,1.0,,1.0,,,1.0,1.0,,1.0,,,1.0,1.0,,,,,1.0,
860,11.10.2019,,,,,,,1.0,1.0,1.0,,,,1.0,,,,,,,,,,
861,12.10.2019,,,,,,,,,,,,,,,,,,,,,,,
862,14.10.2019,,1.0,1.0,,1.0,,,,,1.0,1.0,1.0,,1.0,,,1.0,1.0,1.0,1.0,,1.0,
863,15.10.2019,,1.0,,,,,1.0,1.0,1.0,1.0,1.0,1.0,,1.0,1.0,1.0,,,,1.0,,1.0,
864,16.10.2019,1.0,1.0,,1.0,,1.0,,,,1.0,,1.0,,1.0,,,,1.0,,1.0,,1.0,
865,17.10.2019,,,1.0,,1.0,,,,1.0,,1.0,1.0,1.0,1.0,1.0,1.0,,,1.0,1.0,,1.0,
866,18.10.2019,1.0,,,,,1.0,,,,1.0,1.0,,,,1.0,,,,,,,,
867,19.10.2019,,,,,,,,,,,,,,,,,,,,,,,
868,21.10.2019,,,,,,,,,,1.0,,1.0,,,1.0,,,1.0,1.0,,1.0,,
869,22.10.2019,,1.0,,,,1.0,,,1.0,1.0,1.0,,,,1.0,,,,1.0,,,1.0,
870,23.10.2019,,,,,1.0,,1.0,,,,,,,,,1.0,,,,,,,
871,24.10.2019,,1.0,,,,,1.0,1.0,,,,,1.0,,1.0,1.0,,1.0,1.0,,,,
872,25.10.2019,,,1.0,,1.0,,,,1.0,,,,,,,,,1.0,1.0,,,,
873,26.10.2019,,,,,,,,,,,,,,,,,,,,,,,
874,28.10.2019,,,,,1.0,,1.0,,,1.0,,,,1.0,,,,,,,,,
875,29.10.2019,,,,,,1.0,1.0,,1.0,1.0,1.0,,1.0,,,,,,1.0,1.0,,1.0,
876,30.10.2019,,1.0,1.0,,,,1.0,,,,1.0,,,,,,,,,,,,
877,31.10.2019,,,,1.0,,1.0,,,,,1.0,1.0,,1.0,1.0,,,,,,,1.0,
878,01.11.2019,,1.0,1.0,,1.0,1.0,,,,,,,,1.0,1.0,,1.0,1.0,1.0,,,,
879,02.11.2019,,,,,,,,,,,,,,,,,,,,,,,
880,04.11.2019,,,,1.0,,,1.0,,,,1.0,,1.0,,,1.0,1.0,1.0,,,1.0,,
881,05.11.2019,1.0,,1.0,,1.0,,1.0,,1.0,,,,,1.0,,1.0,1.0,,,1.0,,1.0,
882,06.11.2019,,,1.0,,,1.0,1.0,,,,1.0,,,1.0,,,1.0,,1.0,1.0,,,1.0
883,07.11.2019,1.0,1.0,1.0,,1.0,1.0,,1.0,1.0,,1.0,1.0,1.0,1.0,1.0,1.0,1.0,1.0,1.0,,,,1.0
884,08.11.2019,,,1.0,,1.0,1.0,1.0,,1.0,1.0,1.0,1.0,,1.0,1.0,,1.0,,,,,1.0,
885,09.11.2019,,,,,,,,,,,,,,,,,,,,,,,
886,11.11.2019,,,,,,,,,,,,,,,,,,,,,,,
887,12.11.2019,,,,,,,,,,,,,,,,,,,,,,,
888,13.11.2019,,,,,,,,,,,,,,,,,,,,,,,
889,14.11.2019,,,,,,,,,,,,,,,,,,,,,,,
890,15.11.2019,,,,,,,,,,,,,,,,,,,,,,,
891,16.11.2019,,,,,,,,,,,,,,,,,,,,,,,
892,18.11.2019,,,,,,,,,,,,,,,,,,,,,,,
893,19.11.2019,,,,,,,,,,,,,,,,,,,,,,,
894,20.11.2019,,,,,,,,,,,,,,,,,,,,,,,
895,21.11.2019,,,,,,,,,,,,,,,,,,,,,,,
896,22.11.2019,,,,,,,,,,,,,,,,,,,,,,,
897,23.11.2019,,,,,,,,,,,,,,,,,,,,,,,
898,25.11.2019,,,,,,,,,,,,,,,,,,,,,,,
899,26.11.2019,,,,,,,,,,,,,,,,,,,,,,,
900,27.11.2019,,,,,,,,,,,,,,,,,,,,,,,
901,28.11.2019,,,,,,,,,,,,,,,,,,,,,,,
902,29.11.2019,,,,,,,,,,,,,,,,,,,,,,,
903,30.11.2019,,,,,,,,,,,,,,,,,,,,,,,
904,02.12.2019,,,,,,,,,,,,,,,,,,,,,,,
905,03.12.2019,,,,,,,,,,,,,,,,,,,,,,,
906,04.12.2019,,,,,,,,,,,,,,,,,,,,,,,
907,05.12.2019,,,,,,,,,,,,,,,,,,,,,,,
908,06.12.2019,,,,,,,,,,,,,,,,,,,,,,,
909,07.12.2019,,,,,,,,,,,,,,,,,,,,,,,
910,09.12.2019,,,,,,,,,,,,,,,,,,,,,,,
911,10.12.2019,,,,,,,,,,,,,,,,,,,,,,,
912,11.12.2019,,,,,,,,,,,,,,,,,,,,,,,
913,12.12.2019,,,,,,,,,,,,,,,,,,,,,,,
914,13.12.2019,,,,,,,,,,,,,,,,,,,,,,,
915,14.12.2019,,,,,,,,,,,,,,,,,,,,,,,
916,16.12.2019,,,,,,,,,,,,,,,,,,,,,,,
917,17.12.2019,,,,,,,,,,,,,,,,,,,,,,,
